City_ID,City,Country,Date,Lat,Lng,Max Temp,Humidity,Cloudiness,Wind Speed
0,Nome,US,2020-04-15 12:54:56,64.5,-165.41,30.99,100,90,9.17
1,Saint Augustine,US,2020-04-15 12:53:50,29.89,-81.31,77.0,94,75,9.17
2,Nouakchott,MR,2020-04-15 12:54:57,18.09,-15.98,74.12,40,39,14.56
3,Ngama,TD,2020-04-15 12:54:58,11.78,17.17,107.83,6,0,11.07
4,Beloha,MG,2020-04-15 12:54:58,-25.17,45.05,93.85,27,0,5.39
5,Hithadhoo,MV,2020-04-15 12:54:59,-0.6,73.08,85.23,66,9,3.6
6,La Rioja,ES,2020-04-15 12:54:59,42.25,-2.5,60.8,67,75,17.22
7,Bengkulu,ID,2020-04-15 12:55:00,-3.8,102.27,81.05,77,100,0.34
8,Butaritari,KI,2020-04-15 12:55:00,3.07,172.79,83.73,79,91,17.31
9,Panaba,MX,2020-04-15 12:55:01,21.28,-88.27,71.2,97,73,5.68
10,Esperance,AU,2020-04-15 12:53:56,-33.87,121.9,57.2,87,40,5.82
11,Talaya,RU,2020-04-15 12:55:02,61.38,152.75,4.66,86,64,1.68
12,Qaanaaq,GL,2020-04-15 12:55:02,77.48,-69.36,11.71,88,100,1.19
13,Atuona,PF,2020-04-15 12:55:02,-9.8,-139.03,81.77,76,51,7.07
14,Bluff,NZ,2020-04-15 12:55:03,-46.6,168.33,51.01,94,81,13.0
15,Namatanai,PG,2020-04-15 12:55:03,-3.67,152.43,82.24,74,54,2.06
16,Bredasdorp,ZA,2020-04-15 12:55:04,-34.53,20.04,73.4,38,100,3.36
17,Busselton,AU,2020-04-15 12:55:04,-33.65,115.33,59.0,50,18,9.6
18,Avarua,CK,2020-04-15 12:55:05,-21.21,-159.78,68.0,100,74,2.24
19,Brae,GB,2020-04-15 12:55:05,60.4,-1.35,50.0,93,75,33.33
20,Yellowknife,CA,2020-04-15 12:54:08,62.46,-114.35,12.0,84,20,3.36
21,Mataura,NZ,2020-04-15 12:55:06,-46.19,168.86,51.01,94,98,13.0
22,Changde,CN,2020-04-15 12:55:07,29.05,111.68,72.23,58,0,10.0
23,Lompoc,US,2020-04-15 12:55:07,34.64,-120.46,57.0,100,1,5.82
24,Chokurdakh,RU,2020-04-15 12:55:08,70.63,147.92,-6.86,89,92,8.75
25,Guane,CU,2020-04-15 12:55:08,22.2,-84.09,77.83,86,4,6.13
26,Marsaxlokk,MT,2020-04-15 12:55:09,35.84,14.54,64.99,72,20,16.11
27,Istmina,CO,2020-04-15 12:55:09,5.16,-76.68,75.2,94,75,0.94
28,Rio Bueno,CL,2020-04-15 12:55:09,-40.32,-72.97,51.8,93,100,6.93
29,Abu Dhabi,AE,2020-04-15 12:50:32,24.47,54.37,75.99,88,20,9.17
30,Georgetown,MY,2020-04-15 12:55:10,5.41,100.34,86.0,88,40,5.82
31,Awbari,LY,2020-04-15 12:55:10,26.59,12.78,96.67,8,95,12.82
32,Kapaa,US,2020-04-15 12:55:11,22.08,-159.32,69.8,94,1,8.05
33,New Norfolk,AU,2020-04-15 12:55:11,-42.78,147.06,60.01,82,75,10.29
34,Sao Gabriel Da Cachoeira,BR,2020-04-15 12:53:06,-0.13,-67.09,74.48,86,100,2.89
35,Cherskiy,RU,2020-04-15 12:55:13,68.75,161.3,-4.5,92,59,4.88
36,Ushuaia,AR,2020-04-15 12:55:13,-54.8,-68.3,44.6,81,40,3.36
37,Hobart,AU,2020-04-15 12:53:38,-42.88,147.33,60.01,82,75,10.29
38,Airai,TL,2020-04-15 12:55:14,-8.93,125.41,62.44,69,100,3.76
39,Tiksi,RU,2020-04-15 12:55:15,71.69,128.87,0.9,92,100,10.89
40,Zabol,AF,2020-04-15 12:55:15,32.25,67.25,63.28,14,0,18.12
41,Denpasar,ID,2020-04-15 12:55:16,-8.65,115.22,84.2,94,20,6.93
42,Prince Rupert,CA,2020-04-15 12:55:16,54.32,-130.32,44.6,93,90,2.24
43,Juneau,US,2020-04-15 12:55:05,58.3,-134.42,41.0,93,90,3.36
44,Carnarvon,AU,2020-04-15 12:55:17,-24.87,113.63,77.0,73,21,18.34
45,Pavilosta,LV,2020-04-15 12:55:18,56.89,21.19,48.2,70,72,13.87
46,Khatanga,RU,2020-04-15 12:55:18,71.97,102.5,-1.3,91,30,4.59
47,Vaini,TO,2020-04-15 12:55:19,-21.2,-175.2,69.8,100,20,2.24
48,Rikitea,PF,2020-04-15 12:55:19,-23.12,-134.97,75.04,66,49,2.33
49,Methoni,GR,2020-04-15 12:55:20,36.82,21.7,72.0,46,40,9.17
50,Iqaluit,CA,2020-04-15 12:55:20,63.75,-68.51,19.4,62,90,11.41
51,Kahului,US,2020-04-15 12:55:21,20.89,-156.47,71.6,88,90,4.7
52,Barrow,US,2020-04-15 12:55:22,71.29,-156.79,14.0,92,90,21.92
53,Victoria,HK,2020-04-15 12:55:22,22.29,114.16,73.0,68,77,5.82
54,Cape Town,ZA,2020-04-15 12:50:25,-33.93,18.42,71.01,56,98,9.17
55,Castro,BR,2020-04-15 12:55:23,-24.79,-50.01,52.83,43,2,4.18
56,Bilibino,RU,2020-04-15 12:55:23,68.05,166.44,3.29,85,99,4.09
57,Bandarbeyla,SO,2020-04-15 12:55:24,9.49,50.81,86.41,59,65,10.47
58,Cooma,AU,2020-04-15 12:55:24,-36.23,149.13,64.4,39,76,9.17
59,Zongolica,MX,2020-04-15 12:55:24,18.67,-96.98,72.05,61,100,1.83
60,Qeshm,IR,2020-04-15 12:55:25,26.96,56.27,71.6,78,90,13.87
61,Arraial Do Cabo,BR,2020-04-15 12:54:07,-22.97,-42.03,82.4,74,40,7.83
62,Turukhansk,RU,2020-04-15 12:55:26,65.82,87.98,34.66,88,60,7.52
63,Vrangel,RU,2020-04-15 12:55:26,42.73,133.08,37.76,77,0,4.29
64,Caborca,MX,2020-04-15 12:55:27,30.58,-111.1,57.22,26,0,3.89
65,Hovd,MN,2020-04-15 12:55:27,48.01,91.64,50.83,33,100,4.05
66,Noumea,NC,2020-04-15 12:55:28,-22.28,166.46,71.6,78,95,1.12
67,Kodiak,US,2020-04-15 12:55:28,57.79,-152.41,41.0,93,90,7.43
68,Ostrovnoy,RU,2020-04-15 12:55:28,68.05,39.51,33.96,95,100,3.56
69,Marzuq,YE,2020-04-15 12:55:29,14.4,46.47,85.62,31,42,12.77
70,Kiama,AU,2020-04-15 12:55:29,-34.68,150.87,71.01,40,17,8.05
71,Baikunthpur,IN,2020-04-15 12:55:29,23.25,82.55,93.85,16,64,6.02
72,Longyearbyen,SJ,2020-04-15 12:53:56,78.22,15.64,33.8,74,75,24.16
73,Punta Arenas,CL,2020-04-15 12:50:56,-53.15,-70.92,41.0,93,98,5.82
74,Winnemucca,US,2020-04-15 12:55:31,40.97,-117.74,39.99,32,1,5.82
75,Kenai,US,2020-04-15 12:55:31,60.55,-151.26,39.0,74,90,4.83
76,Pevek,RU,2020-04-15 12:55:32,69.7,170.31,4.46,93,99,1.25
77,Saint-Philippe,RE,2020-04-15 12:55:33,-21.36,55.77,82.0,65,24,29.97
78,Hermanus,ZA,2020-04-15 12:55:33,-34.42,19.23,66.99,73,100,5.01
79,Lebu,CL,2020-04-15 12:55:34,-37.62,-73.65,54.32,67,100,6.06
80,Avera,US,2020-04-15 12:55:35,33.19,-82.53,57.99,66,40,8.05
81,Erfurt,DE,2020-04-15 12:50:57,50.98,11.03,60.01,37,64,9.17
82,Bambous Virieux,MU,2020-04-15 12:55:35,-20.34,57.76,80.6,78,75,18.34
83,Marawi,PH,2020-04-15 12:55:36,8.0,124.29,70.72,72,86,1.41
84,Severo-Kurilsk,RU,2020-04-15 12:55:36,50.68,156.12,29.3,93,100,8.55
85,Santa Maria,BR,2020-04-15 12:55:16,-29.68,-53.81,55.78,51,0,9.35
86,Sola,VU,2020-04-15 12:55:37,-13.88,167.55,80.6,100,90,18.66
87,Chiredzi,ZW,2020-04-15 12:55:38,-21.05,31.67,96.6,24,5,2.44
88,Huilong,CN,2020-04-15 12:55:38,31.81,121.66,71.01,36,0,8.59
89,Seoul,KR,2020-04-15 12:55:26,37.57,126.98,57.2,30,1,3.22
90,Salur,IN,2020-04-15 12:55:39,18.53,83.22,95.5,23,52,10.13
91,Banepa,NP,2020-04-15 12:55:39,27.63,85.52,71.6,56,75,9.17
92,Gao,ML,2020-04-15 12:55:40,16.64,1.64,103.8,6,43,10.25
93,Goderich,CA,2020-04-15 12:55:40,43.75,-81.72,30.99,85,69,14.99
94,Pisco,PE,2020-04-15 12:55:41,-13.7,-76.22,72.0,30,75,1.12
95,Kutum,SD,2020-04-15 12:55:41,14.2,24.67,88.81,7,1,13.42
96,Boddam,GB,2020-04-15 12:55:42,57.47,-1.78,68.0,51,29,10.29
97,Albany,US,2020-04-15 12:51:14,42.6,-73.97,41.0,51,20,14.99
98,Luganville,VU,2020-04-15 12:53:34,-15.53,167.17,78.8,94,90,2.24
99,Shingu,JP,2020-04-15 12:55:43,33.73,135.98,54.61,53,100,8.75
100,Sangar,RU,2020-04-15 12:55:43,63.92,127.47,16.27,89,43,15.59
101,Port Lincoln,AU,2020-04-15 12:55:44,-34.73,135.87,67.23,73,100,10.74
102,Upernavik,GL,2020-04-15 12:55:44,72.79,-56.15,17.38,87,10,5.03
103,Balikpapan,ID,2020-04-15 12:55:45,-1.27,116.83,79.99,81,67,8.14
104,Kununurra,AU,2020-04-15 12:55:45,-15.77,128.73,77.0,61,56,3.36
105,Siaya,KE,2020-04-15 12:55:45,0.06,34.29,82.4,51,20,6.93
106,Lorengau,PG,2020-04-15 12:55:46,-2.02,147.27,83.23,73,98,4.27
107,York,US,2020-04-15 12:55:46,40.13,-77.0,39.99,55,1,8.05
108,Richards Bay,ZA,2020-04-15 12:55:47,-28.78,32.04,74.28,70,75,3.94
109,Sitka,US,2020-04-15 12:55:47,57.05,-135.33,42.8,93,90,1.32
110,Svetlogorsk,BY,2020-04-15 12:55:48,52.63,29.73,46.53,50,98,20.11
111,Arman,RU,2020-04-15 12:55:48,59.7,150.17,19.9,92,34,1.79
112,Jamestown,US,2020-04-15 12:55:48,42.1,-79.24,30.99,92,1,6.93
113,Manapparai,IN,2020-04-15 12:55:49,10.6,78.42,98.6,37,20,10.29
114,Aykhal,RU,2020-04-15 12:55:49,66.0,111.5,17.6,52,100,4.47
115,Novyy Urengoy,RU,2020-04-15 12:55:50,66.08,76.63,23.54,94,1,10.47
116,Rusape,ZW,2020-04-15 12:55:50,-18.53,32.13,78.58,31,32,3.15
117,Pokhara,NP,2020-04-15 12:55:50,28.23,83.98,71.33,36,84,1.61
118,The Valley,AI,2020-04-15 12:52:47,18.22,-63.06,82.99,72,9,5.99
119,Marsa Matruh,EG,2020-04-15 12:55:51,31.35,27.25,80.6,18,95,18.34
120,Thunder Bay,CA,2020-04-15 12:55:52,48.4,-89.32,19.99,78,20,4.7
121,Fort-Shevchenko,KZ,2020-04-15 12:55:52,44.51,50.26,55.67,48,33,33.49
122,Lapa,BR,2020-04-15 12:51:04,-25.77,-49.72,57.0,66,1,8.05
123,Grindavik,IS,2020-04-15 12:55:53,63.84,-22.43,41.0,68,75,28.86
124,Bulungu,CD,2020-04-15 12:55:53,-4.55,18.6,95.65,41,14,2.64
125,Saldanha,ZA,2020-04-15 12:52:22,-33.01,17.94,73.4,43,88,9.17
126,De Aar,ZA,2020-04-15 12:54:06,-30.65,24.01,66.61,23,44,5.93
127,Teya,RU,2020-04-15 12:55:55,60.38,92.63,45.91,78,12,1.32
128,Puerto Ayora,EC,2020-04-15 12:55:55,-0.74,-90.35,77.0,94,40,8.05
129,Luderitz,NA,2020-04-15 12:55:55,-26.65,15.16,71.6,56,0,20.8
130,Souillac,MU,2020-04-15 12:55:56,-20.52,57.52,80.6,78,75,18.34
131,Barreirinhas,BR,2020-04-15 12:55:56,-2.75,-42.83,78.94,77,70,8.57
132,Apac,UG,2020-04-15 12:55:57,1.98,32.54,88.56,34,98,4.81
133,Le Port,RE,2020-04-15 12:55:51,-20.94,55.29,82.0,65,11,23.04
134,Mukhen,RU,2020-04-15 12:55:58,48.1,136.1,38.48,66,39,1.45
135,Tuktoyaktuk,CA,2020-04-15 12:55:59,69.45,-133.04,23.34,96,100,8.59
136,Talakan,RU,2020-04-15 12:55:59,50.32,130.37,43.34,53,0,3.47
137,Mahebourg,MU,2020-04-15 12:55:59,-20.41,57.7,80.6,78,75,18.34
138,Ostersund,SE,2020-04-15 12:56:00,63.18,14.64,39.99,69,98,8.05
139,Kavaratti,IN,2020-04-15 12:56:00,10.57,72.64,85.3,67,22,3.15
140,Shenjiamen,CN,2020-04-15 12:56:01,29.96,122.3,59.81,74,0,11.68
141,Tuatapere,NZ,2020-04-15 12:56:01,-46.13,167.68,51.01,94,92,13.0
142,Constitucion,CL,2020-04-15 12:56:01,-35.33,-72.42,54.27,55,100,1.32
143,Vestmannaeyjar,IS,2020-04-15 12:56:02,63.44,-20.27,41.0,60,75,28.86
144,Henties Bay,NA,2020-04-15 12:56:02,-22.12,14.28,60.01,85,1,4.0
145,Half Moon Bay,US,2020-04-15 12:56:03,37.46,-122.43,55.99,57,1,3.36
146,Ancud,CL,2020-04-15 12:56:04,-41.87,-73.82,50.0,100,90,11.41
147,Baykit,RU,2020-04-15 12:56:04,61.67,96.37,37.31,84,87,0.27
148,Salalah,OM,2020-04-15 12:56:05,17.02,54.09,87.8,62,20,10.29
149,Jiuquan,CN,2020-04-15 12:56:05,39.74,98.52,62.91,17,56,12.84
150,Lasa,IT,2020-04-15 12:56:06,46.62,10.7,64.4,37,5,6.93
151,Leningradskiy,RU,2020-04-15 12:56:06,69.38,178.42,13.23,94,100,2.37
152,Anchorage,US,2020-04-15 12:55:59,61.22,-149.9,42.01,69,90,5.82
153,Mar Del Plata,AR,2020-04-15 12:56:06,-38.0,-57.56,62.01,72,20,11.41
154,Port Elizabeth,ZA,2020-04-15 12:56:08,-33.92,25.57,71.6,68,20,5.82
155,Los Llanos De Aridane,ES,2020-04-15 12:56:08,28.66,-17.92,73.4,56,20,6.93
156,Kainantu,PG,2020-04-15 12:56:09,-6.29,145.87,62.89,63,88,0.96
157,Nsukka,NG,2020-04-15 12:56:09,6.86,7.39,89.76,50,81,5.19
158,Port Alfred,ZA,2020-04-15 12:56:09,-33.59,26.89,68.0,88,58,3.0
159,East London,ZA,2020-04-15 12:52:21,-33.02,27.91,64.4,93,75,10.29
160,Shupiyan,IN,2020-04-15 12:56:10,33.72,74.83,60.98,28,73,2.95
161,Tahe,CN,2020-04-15 12:56:11,52.33,124.73,40.08,53,0,1.72
162,Pouebo,NC,2020-04-15 12:56:11,-20.4,164.57,74.61,84,11,8.86
163,Tlaltenango,MX,2020-04-15 12:56:11,19.17,-98.33,53.6,58,40,0.58
164,Yaan,NG,2020-04-15 12:56:12,7.38,8.57,97.92,39,44,5.53
165,Cayenne,GF,2020-04-15 12:56:13,4.93,-52.33,82.4,74,75,5.21
166,Daru,PG,2020-04-15 12:56:13,-9.08,143.21,80.4,85,37,9.95
167,Lazaro Cardenas,MX,2020-04-15 12:56:13,17.96,-102.2,68.76,70,23,3.33
168,Hohhot,CN,2020-04-15 12:56:14,40.81,111.65,50.0,18,20,8.95
169,Semirom,IR,2020-04-15 12:56:15,31.42,51.57,55.72,14,2,13.13
170,Bodmin,GB,2020-04-15 12:53:56,50.47,-4.72,59.0,41,1,13.87
171,Saint-Pierre,RE,2020-04-15 12:56:16,-21.34,55.48,82.0,65,1,29.97
172,Yagodnoye,RU,2020-04-15 12:56:16,62.55,149.67,5.81,85,2,3.04
173,Faanui,PF,2020-04-15 12:56:16,-16.48,-151.75,82.47,67,22,8.12
174,Torbay,CA,2020-04-15 12:56:17,47.67,-52.73,45.0,80,75,5.82
175,Pithapuram,IN,2020-04-15 12:56:17,17.12,82.27,88.86,48,14,13.89
176,San Cristobal,VE,2020-04-15 12:52:21,7.77,-72.22,75.2,94,75,2.24
177,Thompson,CA,2020-04-15 12:56:18,55.74,-97.86,-0.4,77,20,5.82
178,Saskylakh,RU,2020-04-15 12:56:19,71.92,114.08,-4.86,90,83,7.25
179,Didsbury,GB,2020-04-15 12:56:19,53.42,-2.23,66.99,38,88,3.36
180,Grand Gaube,MU,2020-04-15 12:56:20,-20.01,57.66,80.6,78,75,18.34
181,Ballina,AU,2020-04-15 12:56:20,-28.87,153.57,64.99,93,0,6.73
182,Vardo,NO,2020-04-15 12:56:21,70.37,31.11,41.0,56,20,9.17
183,Chake Chake,TZ,2020-04-15 12:56:21,-5.25,39.77,83.25,80,100,16.69
184,Oussouye,SN,2020-04-15 12:56:21,12.48,-16.55,95.0,35,43,9.17
185,Najran,SA,2020-04-15 12:56:22,17.49,44.13,84.2,45,75,16.11
186,Sompeta,IN,2020-04-15 12:56:22,18.93,84.6,88.2,50,39,13.73
187,Olafsvik,IS,2020-04-15 12:56:23,64.89,-23.71,36.25,82,83,21.43
188,Geraldton,AU,2020-04-15 12:56:23,-28.77,114.6,69.8,64,12,16.11
189,Iztapa,GT,2020-04-15 12:56:23,13.93,-90.71,80.6,94,90,4.74
190,Ambunti,PG,2020-04-15 12:56:24,-4.24,142.84,75.65,95,75,2.04
191,Hilo,US,2020-04-15 12:52:44,19.73,-155.09,73.4,78,90,4.7
192,Alta Floresta,BR,2020-04-15 12:56:24,-9.88,-56.09,71.44,91,100,4.29
193,Qaqortoq,GL,2020-04-15 12:56:25,60.72,-46.03,32.0,94,75,1.12
194,Mookane,BW,2020-04-15 12:56:26,-23.69,26.66,89.24,14,0,11.72
195,Wufeng,CN,2020-04-15 12:56:26,27.45,104.83,60.26,50,1,3.02
196,Vanimo,PG,2020-04-15 12:56:26,-2.67,141.3,81.54,79,47,6.4
197,Port Hardy,CA,2020-04-15 12:53:11,50.7,-127.42,46.4,93,90,5.82
198,Tiznit,MA,2020-04-15 12:56:27,29.58,-9.5,69.46,32,4,6.78
199,Takoradi,GH,2020-04-15 12:56:27,4.88,-1.76,89.44,60,47,7.34
200,San Felipe,VE,2020-04-15 12:56:28,10.34,-68.74,74.01,71,79,2.73
201,Buenos Aires,AR,2020-04-15 12:52:19,-34.61,-58.38,57.0,76,0,6.93
202,Belaya Gora,RU,2020-04-15 12:56:29,68.53,146.42,5.07,93,100,13.22
203,Omboue,GA,2020-04-15 12:56:29,-1.57,9.26,90.63,59,74,4.94
204,Itarema,BR,2020-04-15 12:56:30,-2.92,-39.92,81.07,78,65,5.35
205,Sisophon,KH,2020-04-15 12:56:30,13.59,102.97,87.66,57,79,7.61
206,Bilma,NE,2020-04-15 12:56:30,18.69,12.92,101.91,7,0,10.25
207,Kaitangata,NZ,2020-04-15 12:56:31,-46.28,169.85,52.0,81,90,5.99
208,Ibaiti,BR,2020-04-15 12:56:31,-23.85,-50.19,54.16,61,12,4.14
209,Cabo San Lucas,MX,2020-04-15 12:55:34,22.89,-109.91,62.6,59,5,6.93
210,Nuuk,GL,2020-04-15 12:56:32,64.18,-51.72,32.0,94,90,24.16
211,Rochester,US,2020-04-15 12:54:55,43.15,-77.62,37.0,75,20,8.05
212,Vila Franca Do Campo,PT,2020-04-15 12:56:33,37.72,-25.43,57.2,71,75,20.8
213,Road Town,VG,2020-04-15 12:56:33,18.42,-64.62,82.99,65,40,13.87
214,Todos Santos,MX,2020-04-15 12:56:34,23.45,-110.22,62.6,59,5,6.93
215,Poum,NC,2020-04-15 12:56:34,-20.23,164.02,78.8,81,16,13.87
216,Bima,ID,2020-04-15 12:56:34,-8.47,118.72,78.53,84,91,2.62
217,Port Blair,IN,2020-04-15 12:52:10,11.67,92.75,84.2,74,94,6.29
218,Chuy,UY,2020-04-15 12:56:35,-33.7,-53.46,61.61,85,99,25.34
219,Atar,MR,2020-04-15 12:56:35,20.52,-13.05,86.85,16,12,4.23
220,Faya,SA,2020-04-15 12:56:36,18.39,42.45,73.4,68,40,16.11
221,Bethel,US,2020-04-15 12:56:36,41.37,-73.41,43.0,64,90,10.29
222,Pak Phanang,TH,2020-04-15 12:56:37,8.35,100.2,87.8,74,40,3.36
223,Coos Bay,US,2020-04-15 12:56:37,43.37,-124.22,48.99,100,90,4.7
224,Mount Gambier,AU,2020-04-15 12:56:37,-37.83,140.77,59.0,87,90,4.7
225,Vavatenina,MG,2020-04-15 12:56:38,-17.47,49.2,82.35,61,2,7.92
226,Indianola,US,2020-04-15 12:54:33,41.36,-93.56,25.0,100,90,4.7
227,Bourges,FR,2020-04-15 12:53:31,47.25,2.42,68.0,31,0,10.29
228,Cedro,BR,2020-04-15 12:56:39,-6.61,-39.06,77.97,80,95,2.84
229,Sioux Lookout,CA,2020-04-15 12:56:40,50.1,-91.92,8.6,78,5,3.36
230,Troitskoye,RU,2020-04-15 12:56:40,52.98,84.68,45.86,64,100,10.25
231,Nieuw Amsterdam,SR,2020-04-15 12:56:41,5.88,-55.08,86.0,66,20,4.7
232,Yulara,AU,2020-04-15 12:56:41,-25.24,130.99,75.2,16,23,4.94
233,Caravelas,BR,2020-04-15 12:56:42,-17.71,-39.25,78.13,82,9,4.72
234,Ketchikan,US,2020-04-15 12:56:42,55.34,-131.65,46.4,87,90,10.29
235,Santa Rosa De Viterbo,BR,2020-04-15 12:55:10,-21.47,-47.36,64.4,100,90,1.12
236,Staryy Nadym,RU,2020-04-15 12:56:43,65.61,72.68,32.47,96,100,14.74
237,Hoi An,VN,2020-04-15 12:56:44,15.88,108.33,77.0,83,20,3.36
238,Yuli,NG,2020-04-15 12:56:44,9.7,10.27,103.98,8,16,5.46
239,Alofi,NU,2020-04-15 12:56:44,-19.06,-169.92,71.6,100,100,1.12
240,Saint George,US,2020-04-15 12:56:45,37.1,-113.58,39.2,55,1,8.05
241,Honiara,SB,2020-04-15 12:52:23,-9.43,159.95,77.0,100,40,3.76
242,Mindelo,CV,2020-04-15 12:56:45,16.89,-24.98,78.8,54,75,20.8
243,Alice Springs,AU,2020-04-15 12:56:46,-23.7,133.88,71.6,21,0,3.36
244,Ribeira Grande,PT,2020-04-15 12:56:46,38.52,-28.7,59.0,62,40,13.87
245,Nuqui,CO,2020-04-15 12:56:47,5.71,-77.27,75.2,94,75,2.93
246,Doncaster,GB,2020-04-15 12:56:47,53.52,-1.14,66.99,25,85,6.93
247,Korla,CN,2020-04-15 12:56:47,41.76,86.15,74.98,14,82,9.55
248,Ampanihy,MG,2020-04-15 12:56:48,-24.7,44.75,96.42,22,0,3.42
249,Saurimo,AO,2020-04-15 12:56:48,-9.66,20.39,86.0,55,75,8.05
250,Adrar,MR,2020-04-15 12:56:49,20.5,-10.07,87.66,30,2,6.98
251,Dobsina,SK,2020-04-15 12:56:49,48.82,20.37,54.0,31,40,18.34
252,Seidu,SL,2020-04-15 12:56:49,9.02,-10.6,84.54,48,75,6.35
253,Ijuin,JP,2020-04-15 12:56:50,31.62,130.4,57.0,71,75,4.7
254,Astana,KZ,2020-04-15 12:56:50,51.18,71.45,53.6,32,96,15.66
255,Igurusi,TZ,2020-04-15 12:56:51,-8.85,33.85,78.71,47,32,1.36
256,Znamenskoye,RU,2020-04-15 12:56:51,57.13,73.83,42.49,75,50,6.69
257,Norman Wells,CA,2020-04-15 12:56:52,65.28,-126.83,24.8,79,40,6.93
258,Tessalit,ML,2020-04-15 12:56:52,20.2,1.01,86.61,22,100,25.01
259,Dikson,RU,2020-04-15 12:56:53,73.51,80.55,11.1,90,2,8.1
260,Fortuna,US,2020-04-15 12:56:53,40.6,-124.16,45.0,100,90,4.7
261,Katsuura,JP,2020-04-15 12:56:53,35.13,140.3,60.8,41,100,11.41
262,Zhangye,CN,2020-04-15 12:56:54,38.93,100.45,63.97,16,46,8.61
263,Ponta Do Sol,PT,2020-04-15 12:56:54,32.67,-17.1,66.2,68,40,19.46
264,Alyangula,AU,2020-04-15 12:56:55,-13.85,136.42,77.0,94,11,1.12
265,Tomohon,ID,2020-04-15 12:56:56,1.33,124.84,77.0,100,20,1.12
266,Bolshoy Kamen,RU,2020-04-15 12:56:56,43.12,132.36,35.6,74,0,6.71
267,Mana,GF,2020-04-15 12:56:56,5.66,-53.78,81.18,67,82,7.25
268,Nanortalik,GL,2020-04-15 12:56:57,60.14,-45.24,34.54,90,100,19.89
269,Tazovskiy,RU,2020-04-15 12:56:57,67.47,78.7,16.84,92,37,8.46
270,Batticaloa,LK,2020-04-15 12:56:58,7.71,81.69,86.09,65,34,8.19
271,Cambridge,CA,2020-04-15 12:55:34,43.36,-80.31,34.0,68,90,16.11
272,Green River,US,2020-04-15 12:56:59,41.53,-109.47,32.0,42,90,16.11
273,Shangzhi,CN,2020-04-15 12:57:00,45.22,127.97,48.87,43,0,8.7
274,Dolores,AR,2020-04-15 12:57:00,-36.31,-57.68,54.28,75,1,15.05
275,Guerrero Negro,MX,2020-04-15 12:57:00,27.98,-114.06,60.55,80,0,5.68
276,Shinpokh,PK,2020-04-15 12:57:01,34.33,71.18,82.4,45,40,16.11
277,College,US,2020-04-15 12:57:01,64.86,-147.8,36.0,86,75,2.21
278,Yinchuan,CN,2020-04-15 12:57:02,38.47,106.27,52.0,23,90,5.99
279,Havre-Saint-Pierre,CA,2020-04-15 12:57:02,50.23,-63.6,35.6,51,1,23.04
280,Huarmey,PE,2020-04-15 12:57:03,-10.07,-78.15,72.79,76,27,5.39
281,Hirara,JP,2020-04-15 12:57:03,24.8,125.28,69.55,58,28,7.61
282,Manzanillo,CU,2020-04-15 12:57:04,20.34,-77.12,76.91,80,3,3.36
283,Broome,US,2020-04-15 12:57:04,42.25,-75.83,36.0,74,1,5.82
284,Putina,PE,2020-04-15 12:57:05,-15.47,-69.43,41.32,26,96,0.6
285,Petropavlovsk-Kamchatskiy,RU,2020-04-15 12:57:05,53.05,158.65,30.2,74,100,4.47
286,Chamonix-Mont-Blanc,FR,2020-04-15 12:57:05,45.92,6.87,69.01,29,0,5.82
287,Coihaique,CL,2020-04-15 12:57:06,-45.58,-72.07,46.4,93,90,4.7
288,Sinnamary,GF,2020-04-15 12:57:07,5.38,-52.95,80.4,71,73,8.86
289,Bratsk,RU,2020-04-15 12:57:07,56.13,101.61,51.01,23,0,4.47
290,Cajazeiras,BR,2020-04-15 12:57:07,-6.89,-38.56,80.2,67,91,4.25
291,Vung Tau,VN,2020-04-15 12:57:08,10.35,107.08,82.0,74,46,16.44
292,Wuxue,CN,2020-04-15 12:57:08,29.85,115.55,66.38,67,18,7.72
293,Warangal,IN,2020-04-15 12:57:08,18.0,79.58,99.16,17,45,5.79
294,Srednekolymsk,RU,2020-04-15 12:57:09,67.45,153.68,-1.89,92,2,10.16
295,Provideniya,RU,2020-04-15 12:57:09,64.38,-173.3,20.34,96,51,0.2
296,Opelousas,US,2020-04-15 12:57:10,30.53,-92.08,48.2,81,1,6.93
297,Meulaboh,ID,2020-04-15 12:57:10,4.14,96.13,82.71,76,23,2.93
298,Tougue,GN,2020-04-15 12:57:10,11.47,-11.6,92.8,22,52,7.52
299,Margate,GB,2020-04-15 12:53:59,51.38,1.39,57.0,54,23,8.05
300,Naze,JP,2020-04-15 12:57:11,28.37,129.48,64.4,82,75,13.87
301,Natal,BR,2020-04-15 12:57:11,-5.79,-35.21,75.2,94,90,8.05
302,Roald,NO,2020-04-15 12:57:12,62.58,6.13,46.4,87,75,35.57
303,Cuenca,EC,2020-04-15 12:57:12,-2.88,-78.98,55.4,100,90,2.24
304,Touros,BR,2020-04-15 12:57:12,-5.2,-35.46,75.2,94,90,8.05
305,Tatawin,TN,2020-04-15 12:57:13,32.93,10.45,73.4,46,40,5.82
306,Kadyy,RU,2020-04-15 12:57:13,57.79,43.19,34.86,93,100,6.35
307,Zhongshu,CN,2020-04-15 12:57:13,24.52,103.77,66.92,29,0,6.55
308,Christchurch,NZ,2020-04-15 12:57:14,-43.53,172.63,45.0,86,83,7.02
309,Skjervoy,NO,2020-04-15 12:57:14,70.03,20.97,37.4,64,100,10.29
310,Namibe,AO,2020-04-15 12:57:15,-15.2,12.15,82.4,69,20,16.11
311,San Luis,AR,2020-04-15 12:57:15,-33.3,-66.34,59.5,35,0,7.09
312,Pacatuba,BR,2020-04-15 12:57:15,-3.98,-38.62,79.0,88,75,5.82
313,Mahon,ES,2020-04-15 12:57:16,39.89,4.27,64.4,72,40,16.11
314,Diamantino,BR,2020-04-15 12:57:16,-14.41,-56.45,71.67,81,97,7.34
315,Camacari,BR,2020-04-15 12:57:17,-12.7,-38.32,86.0,66,20,6.93
316,Hit,IQ,2020-04-15 12:57:17,33.64,42.83,83.23,14,0,16.4
317,Nago,JP,2020-04-15 12:57:17,26.59,127.98,68.0,68,90,6.93
318,Mount Isa,AU,2020-04-15 12:57:18,-20.73,139.5,86.0,37,75,4.7
319,Nikolskoye,RU,2020-04-15 12:57:19,59.7,30.79,46.0,64,75,8.95
320,Te Anau,NZ,2020-04-15 12:57:19,-45.42,167.72,48.72,79,95,3.04
321,Himeji,JP,2020-04-15 12:57:19,34.82,134.7,57.2,76,100,4.7
322,Tasiilaq,GL,2020-04-15 12:57:20,65.61,-37.64,26.6,86,75,3.36
323,Volchikha,RU,2020-04-15 12:57:20,52.03,80.38,51.71,47,82,6.55
324,Salmas,IR,2020-04-15 12:57:21,38.2,44.77,62.6,19,20,9.17
325,Bodden Town,KY,2020-04-15 12:57:21,19.28,-81.25,82.0,88,20,2.24
326,Amparafaravola,MG,2020-04-15 12:57:22,-17.58,48.22,78.46,36,2,12.71
327,Spassk,RU,2020-04-15 12:57:22,52.75,87.75,52.43,56,81,8.79
328,Barsovo,RU,2020-04-15 12:57:23,61.17,73.17,48.2,42,100,4.47
329,Wyndham,US,2020-04-15 12:57:23,37.7,-77.61,39.99,74,90,4.7
330,Lodja,CD,2020-04-15 12:57:23,-3.48,23.43,93.96,37,33,2.15
331,Saraland,US,2020-04-15 12:57:24,30.82,-88.07,51.01,61,1,16.11
332,Camacupa,AO,2020-04-15 12:57:24,-12.02,17.48,78.53,42,54,4.9
333,Cockburn Town,TC,2020-04-15 12:54:32,21.46,-71.14,77.99,81,17,13.2
334,Xuddur,SO,2020-04-15 12:57:25,4.12,43.89,90.19,39,84,7.29
335,Mayo,US,2020-04-15 12:57:26,38.89,-76.51,42.01,86,90,4.7
336,Vilyuysk,RU,2020-04-15 12:57:26,63.76,121.62,17.29,92,72,5.79
337,Sorland,NO,2020-04-15 12:57:26,67.67,12.69,37.4,64,75,12.75
338,Saint-Augustin,CA,2020-04-15 12:57:27,51.23,-58.65,32.09,92,72,14.92
339,Yumen,CN,2020-04-15 12:57:27,40.28,97.2,64.17,18,69,16.28
340,Pangnirtung,CA,2020-04-15 12:57:28,66.15,-65.71,10.4,72,90,3.36
341,Kruisfontein,ZA,2020-04-15 12:57:28,-34.0,24.73,68.59,62,27,7.96
342,Narsaq,GL,2020-04-15 12:57:28,60.92,-46.05,32.0,95,75,1.12
343,Mecca,SA,2020-04-15 12:54:31,21.43,39.83,88.92,12,0,13.02
344,Rivera,UY,2020-04-15 12:57:29,-30.91,-55.55,54.54,52,0,13.71
345,Sistranda,NO,2020-04-15 12:57:30,63.73,8.83,37.4,93,75,9.17
346,Hofn,IS,2020-04-15 12:57:30,64.25,-15.21,46.4,36,20,20.8
347,Sahibganj,IN,2020-04-15 12:57:30,25.25,87.65,84.11,44,75,11.86
348,Jaumave,MX,2020-04-15 12:57:31,23.42,-99.38,64.0,100,90,10.29
349,Bowen,AU,2020-04-15 12:57:32,-20.02,148.23,73.0,83,40,11.41
350,Necochea,AR,2020-04-15 12:57:32,-38.55,-58.74,60.01,69,0,8.01
351,Bad Homburg,DE,2020-04-15 12:57:33,50.23,8.62,64.0,30,34,6.93
352,Hamilton,US,2020-04-15 12:55:26,39.18,-84.53,37.99,63,1,6.93
353,Zemio,CF,2020-04-15 12:57:33,5.03,25.14,96.85,23,76,6.02
354,Sainte-Marie,RE,2020-04-15 12:57:34,-20.9,55.55,82.0,65,8,23.04
355,Koslan,RU,2020-04-15 12:57:35,63.46,48.9,42.78,73,49,11.63
356,Ereymentau,KZ,2020-04-15 12:57:35,51.62,73.1,47.46,45,73,16.35
357,Sitrah,BH,2020-04-15 12:57:36,26.15,50.62,73.4,83,40,17.22
358,Pochutla,MX,2020-04-15 12:57:36,15.74,-96.47,73.4,69,5,4.25
359,Luchenza,MW,2020-04-15 12:57:36,-16.01,35.31,87.8,45,40,5.82
360,Kambove,CD,2020-04-15 12:57:37,-10.88,26.6,77.7,49,39,4.61
361,Khani,GE,2020-04-15 12:57:37,41.96,42.96,77.0,22,90,16.11
362,Caraquet,CA,2020-04-15 12:57:38,47.79,-64.94,42.01,51,75,4.7
363,Ugoofaaru,MV,2020-04-15 12:57:38,5.67,73.0,86.23,65,37,7.38
364,Boyolangu,ID,2020-04-15 12:57:38,-8.12,111.89,79.43,80,16,4.81
365,Emerald,AU,2020-04-15 12:57:39,-23.53,148.17,73.4,56,0,8.05
366,Saint Anthony,US,2020-04-15 12:57:39,45.02,-93.22,24.01,67,20,9.17
367,San Policarpo,PH,2020-04-15 12:57:40,12.18,125.51,82.29,76,1,6.13
368,Haines Junction,CA,2020-04-15 12:57:40,60.75,-137.51,36.86,65,100,4.14
369,Karratha,AU,2020-04-15 12:57:40,-20.74,116.85,84.67,68,42,10.98
370,Madang,PG,2020-04-15 12:57:41,-5.22,145.8,80.35,79,93,2.66
371,Zhangjiakou,CN,2020-04-15 12:57:41,40.81,114.88,56.43,43,100,3.4
372,Lakatoro,VU,2020-04-15 12:57:42,-16.1,167.42,78.8,94,90,2.24
373,Cowra,AU,2020-04-15 12:57:42,-33.83,148.68,57.99,78,55,5.19
374,Mamakan,RU,2020-04-15 12:57:42,57.82,114.0,38.61,66,1,0.4
375,Pachperwa,IN,2020-04-15 12:57:43,27.52,82.65,103.64,11,69,11.21
376,Dudinka,RU,2020-04-15 12:57:43,69.41,86.18,5.0,77,0,20.13
377,Grootfontein,NA,2020-04-15 12:55:08,-19.57,18.12,83.41,22,13,5.17
378,Khash,IR,2020-04-15 12:57:44,28.22,61.22,75.31,13,76,11.23
379,Parichha,IN,2020-04-15 12:57:44,25.52,78.75,101.89,12,54,18.81
380,Ribeira Brava,PT,2020-04-15 12:57:44,32.65,-17.07,66.2,68,40,19.46
381,Curup,ID,2020-04-15 12:57:45,-3.47,102.53,71.53,79,100,0.51
382,Aden,YE,2020-04-15 12:57:46,12.78,45.04,86.74,62,48,14.54
383,Eugene,US,2020-04-15 12:54:12,44.05,-123.09,46.99,93,90,4.7
384,Camana,PE,2020-04-15 12:57:47,-16.62,-72.71,70.03,75,69,5.1
385,Krasnyy Chikoy,RU,2020-04-15 12:57:47,50.36,108.75,40.48,64,100,3.74
386,Muros,ES,2020-04-15 12:57:48,42.78,-9.06,66.0,67,20,8.05
387,Tolmachevo,RU,2020-04-15 12:57:48,54.98,82.74,46.4,61,75,11.18
388,Shepsi,RU,2020-04-15 12:57:49,44.04,39.15,57.63,64,100,6.13
389,Sun City,US,2020-04-15 12:57:49,33.6,-112.27,59.0,43,1,9.17
390,Nisia Floresta,BR,2020-04-15 12:53:04,-6.09,-35.21,75.2,94,90,8.05
391,Manggar,ID,2020-04-15 12:57:50,-2.88,108.27,82.35,74,86,2.75
392,Valverde Del Camino,ES,2020-04-15 12:57:50,37.58,-6.75,66.0,71,68,17.0
393,Kenora,CA,2020-04-15 12:57:51,49.82,-94.43,15.8,60,5,6.93
394,Arlit,NE,2020-04-15 12:57:51,18.74,7.39,104.16,6,31,10.69
395,Padang,ID,2020-04-15 12:57:52,-0.95,100.35,81.36,75,96,1.03
396,Moose Factory,CA,2020-04-15 12:57:53,51.26,-80.61,6.8,71,1,9.17
397,Lata,PT,2020-04-15 12:57:53,40.16,-8.33,61.0,77,75,16.11
398,Riyadh,SA,2020-04-15 12:57:53,24.69,46.72,82.4,28,31,4.7
399,Ambilobe,MG,2020-04-15 12:57:54,-13.2,49.05,88.92,55,0,11.3
400,Maningrida,AU,2020-04-15 12:57:54,-12.07,134.27,80.13,81,98,8.05
401,Keita,NE,2020-04-15 12:57:54,14.76,5.77,104.0,6,6,9.17
402,Lac Du Bonnet,CA,2020-04-15 12:57:55,50.25,-96.06,18.0,77,59,3.76
403,Laviana,ES,2020-04-15 12:57:56,43.23,-5.53,69.01,59,20,10.29
404,Ganzhou,CN,2020-04-15 12:57:56,28.82,115.43,67.41,68,1,3.69
405,Cidreira,BR,2020-04-15 12:57:56,-30.18,-50.21,60.28,61,4,25.57
406,Chateaubelair,VC,2020-04-15 12:57:57,13.28,-61.25,82.4,69,40,14.99
407,Tura,IN,2020-04-15 12:57:57,25.52,90.22,87.49,34,60,3.94
408,Isangel,VU,2020-04-15 12:57:58,-19.55,169.27,75.2,94,40,11.18
409,Ishigaki,JP,2020-04-15 12:57:58,24.34,124.16,70.21,56,11,4.27
410,Kyabram,AU,2020-04-15 12:57:58,-36.32,145.05,68.0,46,100,11.41
411,Newport,GB,2020-04-15 12:57:59,51.59,-3.0,61.0,44,14,8.05
412,Pangkalanbuun,ID,2020-04-15 12:57:59,-2.68,111.62,79.27,85,99,3.06
413,Kavieng,PG,2020-04-15 12:58:00,-2.57,150.8,82.8,74,91,4.99
414,Helong,CN,2020-04-15 12:58:00,42.54,129.0,47.08,44,94,3.51
415,Mamallapuram,IN,2020-04-15 12:58:00,12.63,80.17,89.6,59,20,10.29
416,Tezu,IN,2020-04-15 12:58:01,27.92,96.17,85.12,27,0,2.15
417,Okhotsk,RU,2020-04-15 12:58:01,59.38,143.3,24.24,95,31,3.56
418,Zholymbet,KZ,2020-04-15 12:58:01,51.74,71.71,49.08,43,65,16.55
419,Kargil,IN,2020-04-15 12:58:02,34.57,76.1,39.79,22,92,7.0
420,Salym,RU,2020-04-15 12:58:02,60.06,71.48,46.69,63,100,0.47
421,Joao Pinheiro,BR,2020-04-15 12:58:02,-17.74,-46.17,70.7,73,67,5.46
422,Bathsheba,BB,2020-04-15 12:58:03,13.22,-59.52,84.2,62,40,19.46
423,Tarbagatay,RU,2020-04-15 12:58:03,51.48,107.36,44.6,39,40,4.47
424,Vestmanna,FO,2020-04-15 12:58:04,62.16,-7.17,42.8,87,75,20.8
425,Mareeba,AU,2020-04-15 12:58:04,-17.0,145.43,77.0,83,40,10.29
426,Linares,CL,2020-04-15 12:58:05,-35.85,-71.6,53.06,40,98,0.09
427,Afsin,TR,2020-04-15 12:58:05,38.25,36.91,59.14,25,99,11.92
428,Aklavik,CA,2020-04-15 12:58:05,68.22,-135.01,30.2,74,75,2.24
429,Yangambi,CD,2020-04-15 12:58:06,0.81,24.43,99.55,30,37,2.33
430,Agadez,NE,2020-04-15 12:58:06,19.75,10.25,99.7,7,0,7.63
431,Durango,MX,2020-04-15 12:54:52,24.83,-104.83,47.26,20,86,4.45
432,Lagoa,PT,2020-04-15 12:58:07,39.05,-27.98,56.03,69,34,24.92
433,Hasaki,JP,2020-04-15 12:58:07,35.73,140.83,57.2,71,75,3.36
434,Dubrovnik,HR,2020-04-15 12:57:51,42.65,18.09,62.6,21,0,11.41
435,Beringovskiy,RU,2020-04-15 12:58:08,63.05,179.32,21.06,97,100,8.81
436,Vila Velha,BR,2020-04-15 12:58:08,-20.33,-40.29,82.99,65,77,3.36
437,Santa Fe,AR,2020-04-15 12:58:09,-31.63,-60.7,57.0,58,0,3.98
438,Ponta Delgada,PT,2020-04-15 12:58:09,37.73,-25.67,57.2,71,75,20.8
439,Port Macquarie,AU,2020-04-15 12:56:26,-31.43,152.92,62.6,93,1,8.59
440,Aktau,KZ,2020-04-15 12:58:11,43.65,51.2,64.4,37,1,31.32
441,Fort Nelson,CA,2020-04-15 12:58:11,58.81,-122.7,33.8,69,75,3.36
442,Saint-Joseph,RE,2020-04-15 12:58:11,-21.37,55.62,82.0,65,13,29.97
443,Dingle,PH,2020-04-15 12:58:12,11.0,122.67,81.27,72,47,4.97
444,Mackay,AU,2020-04-15 12:58:12,-21.15,149.2,77.0,73,40,16.11
445,Kendal,GB,2020-04-15 12:58:12,54.33,-2.75,64.99,58,49,8.05
446,Hoa Binh,VN,2020-04-15 12:57:37,20.81,105.34,73.4,73,90,10.29
447,Mirnyy,RU,2020-04-15 12:58:13,62.54,113.96,35.6,55,100,8.95
448,Chaiyaphum,TH,2020-04-15 12:58:14,15.75,102.0,94.66,27,77,4.0
449,Labuan,MY,2020-04-15 12:58:14,5.28,115.24,84.2,88,75,3.36
450,Buraydah,SA,2020-04-15 12:58:14,26.33,43.98,80.6,34,40,9.17
451,Massagno,CH,2020-04-15 12:58:15,46.02,8.95,63.0,38,20,8.05
452,Bud,US,2020-04-15 12:58:15,39.45,-86.18,37.99,55,1,11.41
453,Elat,IL,2020-04-15 12:58:15,29.56,34.95,86.0,20,0,6.51
454,Gazanjyk,TM,2020-04-15 12:58:16,39.24,55.52,72.07,22,0,12.39
455,Walvis Bay,NA,2020-04-15 12:58:16,-22.96,14.51,69.8,56,2,8.05
456,Surin,TH,2020-04-15 12:58:17,14.88,103.49,91.99,49,65,1.12
457,Nantucket,US,2020-04-15 12:58:17,41.28,-70.1,44.6,87,90,4.7
458,Talnakh,RU,2020-04-15 12:58:17,69.49,88.4,5.0,77,0,20.13
459,Trairi,BR,2020-04-15 12:57:28,-3.28,-39.27,83.03,73,96,3.15
460,Penalva,BR,2020-04-15 12:58:18,-3.29,-45.17,77.76,88,100,1.28
461,Trincomalee,LK,2020-04-15 12:58:19,8.57,81.23,85.33,68,8,8.34
462,Agua Prieta,MX,2020-04-15 12:55:02,31.3,-109.57,43.0,51,1,3.36
463,Maceio,BR,2020-04-15 12:58:19,-9.67,-35.74,84.2,70,40,4.7
464,Worthington,US,2020-04-15 12:57:10,40.09,-83.02,37.0,63,1,4.7
465,Buin,CL,2020-04-15 12:58:20,-33.73,-70.75,53.6,62,40,0.72
466,Sur,OM,2020-04-15 12:58:21,22.57,59.53,89.64,36,56,1.92
467,Broken Hill,AU,2020-04-15 12:58:21,-31.95,141.43,77.0,31,100,8.05
468,Mezen,RU,2020-04-15 12:58:22,65.85,44.24,40.71,85,100,10.02
469,Harper,LR,2020-04-15 12:58:23,4.38,-7.72,85.98,71,42,5.28
470,Scarborough,GB,2020-04-15 12:56:57,54.28,-0.4,64.99,36,24,9.17
471,Shimoda,JP,2020-04-15 12:58:23,34.67,138.95,53.01,61,99,1.99
472,Gravdal,NO,2020-04-15 12:58:24,68.12,13.5,37.4,64,75,12.75
473,Wladyslawowo,PL,2020-04-15 12:58:24,54.79,18.4,48.99,75,84,25.7
474,Codrington,AU,2020-04-15 12:58:25,-38.27,141.97,64.11,54,100,17.69
475,Erzin,TR,2020-04-15 12:58:25,36.96,36.2,73.4,49,75,16.11
476,Luba,GQ,2020-04-15 12:58:25,3.46,8.55,89.6,66,40,12.75
477,Dunedin,NZ,2020-04-15 12:58:26,-45.87,170.5,55.99,70,100,16.22
478,Jati,PK,2020-04-15 12:58:26,24.35,68.27,96.87,29,4,18.88
479,Emilio Carranza,MX,2020-04-15 12:58:27,19.97,-96.61,76.28,87,99,11.52
480,Bubaque,GW,2020-04-15 12:58:27,11.28,-15.83,81.64,45,65,3.58
481,Egvekinot,RU,2020-04-15 12:58:27,66.32,-179.17,16.74,94,100,6.58
482,Filadelfia,US,2020-04-15 12:58:28,39.95,-75.16,43.0,65,75,12.75
483,Auki,SB,2020-04-15 12:58:28,-8.77,160.7,82.58,76,62,2.95
484,Mehriz,IR,2020-04-15 12:58:29,31.59,54.43,73.4,27,75,2.24
485,Ajdabiya,LY,2020-04-15 12:58:29,30.76,20.23,83.73,24,85,16.22
486,Tombouctou,ML,2020-04-15 12:58:29,20.0,-3.0,82.99,35,100,17.25
487,Caraballeda,VE,2020-04-15 12:58:30,10.61,-66.85,71.01,53,20,5.23
488,Hobyo,SO,2020-04-15 12:58:30,5.35,48.53,88.48,60,44,12.08
489,Makakilo City,US,2020-04-15 12:58:30,21.35,-158.09,77.0,100,1,7.11
490,Coihueco,CL,2020-04-15 12:58:31,-36.62,-71.83,55.0,76,100,4.7
491,Ilhabela,BR,2020-04-15 12:54:42,-23.78,-45.36,75.94,71,66,12.01
492,Klaksvik,FO,2020-04-15 12:58:32,62.23,-6.59,42.8,87,75,20.8
493,San Carlos Del Zulia,VE,2020-04-15 12:58:32,9.0,-71.91,76.44,80,5,4.54
494,San Patricio,MX,2020-04-15 12:58:32,19.22,-104.7,69.31,57,0,3.49
495,Pemangkat,ID,2020-04-15 12:58:33,1.17,108.97,81.12,83,62,9.78
496,Arcata,US,2020-04-15 12:58:33,40.87,-124.08,45.0,86,1,3.36
497,Martapura,ID,2020-04-15 12:58:34,-3.42,114.85,86.0,79,75,4.7
498,Taoudenni,ML,2020-04-15 12:54:03,22.68,-3.98,94.44,24,16,16.73
499,Jiwani,PK,2020-04-15 12:58:34,25.05,61.74,82.26,69,26,14.34
500,Kitui,KE,2020-04-15 12:58:35,-1.37,38.01,78.82,51,95,7.47
501,Chepareria,KE,2020-04-15 12:58:35,1.31,35.2,79.9,29,32,6.6
502,Novoagansk,RU,2020-04-15 12:58:35,61.94,76.66,39.18,86,100,9.37
503,Rio Branco,BR,2020-04-15 12:58:36,-9.97,-67.81,71.6,100,75,6.93
504,Lazarev,RU,2020-04-15 12:58:36,52.23,141.51,25.09,96,1,8.79
505,Vetluzhskiy,RU,2020-04-15 12:58:37,58.39,45.47,53.76,45,100,13.33
506,Shiogama,JP,2020-04-15 12:58:37,38.32,141.03,51.8,71,20,5.82
507,Champerico,GT,2020-04-15 12:58:37,14.3,-91.92,78.8,83,75,5.97
508,Chapais,CA,2020-04-15 12:58:38,49.78,-74.85,10.4,72,1,5.82
509,Hambantota,LK,2020-04-15 12:58:38,6.12,81.12,80.6,100,40,3.36
510,Vizinga,RU,2020-04-15 12:58:39,61.07,50.1,46.31,71,64,10.6
511,Bharatpur,IN,2020-04-15 12:58:39,27.22,77.48,105.62,7,65,12.3
512,Ixtapa,MX,2020-04-15 12:58:39,20.7,-105.2,63.0,87,5,4.7
513,Shellbrook,CA,2020-04-15 12:58:40,53.22,-106.4,-0.4,84,20,2.24
514,Portland,US,2020-04-15 12:54:10,45.52,-122.68,50.0,76,90,5.82
515,Fakel,RU,2020-04-15 12:58:41,57.63,53.03,43.93,81,80,9.04
516,Ahipara,NZ,2020-04-15 12:58:41,-35.17,173.17,61.61,74,100,16.55
517,Kerrville,US,2020-04-15 12:58:42,30.05,-99.14,44.01,86,1,5.84
518,Mtambile,TZ,2020-04-15 12:58:43,-5.38,39.7,83.01,80,99,16.42
519,Strezhevoy,RU,2020-04-15 12:58:43,60.73,77.59,48.2,42,100,11.18
520,Ternate,ID,2020-04-15 12:58:44,0.8,127.4,81.18,79,56,6.15
521,Qasigiannguit,GL,2020-04-15 12:58:44,68.82,-51.19,19.47,82,26,9.04
522,Berlevag,NO,2020-04-15 12:58:45,70.86,29.09,37.4,69,37,24.16
523,Samandag,TR,2020-04-15 12:58:45,36.08,35.98,73.4,49,75,16.11
524,Hue,VN,2020-04-15 12:57:49,16.47,107.6,73.92,90,57,7.9
525,Olinda,BR,2020-04-15 12:58:47,-8.01,-34.86,86.0,70,75,8.05
526,Corrales,US,2020-04-15 12:58:47,35.24,-106.61,33.01,58,1,5.82
527,Jinchang,CN,2020-04-15 12:58:48,38.5,102.17,59.9,18,48,13.56
528,Gornyak,RU,2020-04-15 12:58:48,50.99,81.47,50.74,46,86,2.86
529,Mazagao,BR,2020-04-15 12:58:49,-0.12,-51.29,80.6,100,75,4.7
530,Simao,CN,2020-04-15 12:58:49,22.79,100.97,70.93,24,1,3.22
531,Lavrentiya,RU,2020-04-15 12:58:50,65.58,-171.0,30.94,98,99,9.42
532,Moyale,KE,2020-04-15 12:58:50,3.52,39.06,80.51,46,100,6.89
533,Ossora,RU,2020-04-15 12:58:51,59.24,163.07,20.39,95,67,6.67
534,Fairbanks,US,2020-04-15 12:58:51,64.84,-147.72,36.0,92,1,2.26
535,Orange,US,2020-04-15 12:56:54,33.7,-117.77,60.8,71,1,3.36
536,Husavik,IS,2020-04-15 12:58:52,66.04,-17.34,39.2,60,75,20.8
537,Tual,ID,2020-04-15 12:58:52,-5.67,132.75,84.02,72,97,3.62
538,Nianzishan,CN,2020-04-15 12:58:52,47.52,122.88,48.0,70,42,3.0
539,Agirish,RU,2020-04-15 12:58:53,61.92,63.02,44.67,62,38,6.29
540,Sukhoy Log,RU,2020-04-15 12:58:53,56.91,62.03,49.28,47,66,10.42
541,Northam,GB,2020-04-15 12:58:54,51.03,-4.22,59.0,44,6,16.11
542,Kasongo-Lunda,CD,2020-04-15 12:58:54,-6.47,16.82,94.96,36,28,3.67
543,Maldonado,UY,2020-04-15 12:58:54,-34.67,-54.92,64.0,83,100,11.99
544,Kikwit,CD,2020-04-15 12:58:55,-5.04,18.82,95.31,36,65,3.04
545,Jatai,BR,2020-04-15 12:55:26,-17.88,-51.71,70.16,75,100,7.02
546,Tocopilla,CL,2020-04-15 12:58:56,-22.09,-70.2,72.57,39,2,1.32
547,Ca Mau,VN,2020-04-15 12:58:56,9.18,105.15,82.44,75,64,11.14
548,Edenderry,IE,2020-04-15 12:58:56,53.35,-7.05,55.99,62,7,9.17
549,Bairiki,KI,2020-04-15 12:58:57,1.33,172.98,84.2,83,75,12.75
550,Mocuba,MZ,2020-04-15 12:58:57,-16.84,36.99,91.94,43,1,5.39
551,Praia,CV,2020-04-15 12:58:58,14.92,-23.51,80.6,54,75,23.04
552,Viedma,AR,2020-04-15 12:53:58,-40.81,-63.0,55.27,62,63,10.49
553,Juxtlahuaca,MX,2020-04-15 12:58:59,17.43,-99.15,68.92,35,76,2.06
554,Sawakin,SD,2020-04-15 12:58:59,19.11,37.33,80.85,45,0,14.05
555,Toamasina,MG,2020-04-15 12:58:59,-18.17,49.38,82.4,78,75,16.11
556,Vanavara,RU,2020-04-15 12:59:00,60.34,102.28,42.44,73,0,1.81
557,Kalmunai,LK,2020-04-15 12:59:00,7.42,81.82,85.95,65,34,7.16
558,Buchanan,LR,2020-04-15 12:59:01,5.88,-10.05,86.0,79,75,12.75
