City_ID,City,Country,Date,Lat,Lng,Max Temp,Humidity,Cloudiness,Wind Speed,Current Description,Rain inches (last 3 hrs),Snow inches (last 3 hrs)
0,mar del plata,AR,2020-04-15 16:07:13,-38.0,-57.56,63.0,59,75,18.34,broken clouds,0.0,0.0
1,katsuura,JP,2020-04-15 16:07:27,35.13,140.3,57.2,54,100,6.93,overcast clouds,0.0,0.0
2,victoria,HK,2020-04-15 16:07:28,22.29,114.16,72.0,64,89,2.24,overcast clouds,0.0,0.0
3,busselton,AU,2020-04-15 16:07:28,-33.65,115.33,55.0,58,32,6.91,scattered clouds,0.0,0.0
4,maykor,RU,2020-04-15 16:07:28,59.01,55.88,42.21,71,64,6.69,broken clouds,0.0,0.0
5,rikitea,PF,2020-04-15 16:07:28,-23.12,-134.97,75.36,67,43,1.21,scattered clouds,0.0,0.0
6,lorengau,PG,2020-04-15 16:07:28,-2.02,147.27,82.26,75,99,4.14,light rain,0.39,0.0
7,killybegs,IE,2020-04-15 16:07:29,54.63,-8.45,55.0,81,1,8.05,clear sky,0.0,0.0
8,lumsden,CA,2020-04-15 16:07:29,50.65,-104.87,26.6,38,20,5.82,few clouds,0.0,0.0
9,severo-kurilsk,RU,2020-04-15 16:07:29,50.68,156.12,30.47,93,100,10.07,overcast clouds,0.0,0.0
10,upernavik,GL,2020-04-15 16:07:29,72.79,-56.15,20.39,87,0,5.46,clear sky,0.0,0.0
11,lasa,IT,2020-04-15 16:07:30,46.62,10.7,69.8,37,5,6.93,clear sky,0.0,0.0
12,provideniya,RU,2020-04-15 16:07:30,64.38,-173.3,21.42,95,62,3.8,broken clouds,0.0,0.0
13,biltine,TD,2020-04-15 16:07:30,14.53,20.92,100.58,6,0,9.91,clear sky,0.0,0.0
14,khatanga,RU,2020-04-15 16:07:31,71.97,102.5,-7.13,89,0,3.98,clear sky,0.0,0.0
15,birao,CF,2020-04-15 16:07:31,10.28,22.79,102.09,6,19,9.69,few clouds,0.0,0.0
16,ushuaia,AR,2020-04-15 16:07:31,-54.8,-68.3,51.8,66,20,5.55,few clouds,0.0,0.0
17,jurmala,LV,2020-04-15 16:07:31,56.97,23.77,46.4,61,20,8.05,few clouds,0.0,0.0
18,punta arenas,CL,2020-04-15 16:07:32,-53.15,-70.92,53.6,76,99,4.56,overcast clouds,0.0,0.0
19,savonlinna,FI,2020-04-15 16:07:32,61.87,28.88,39.2,55,64,6.93,broken clouds,0.0,0.0
20,lemoore,US,2020-04-15 16:07:32,36.3,-119.78,64.99,82,1,3.36,clear sky,0.0,0.0
21,saskylakh,RU,2020-04-15 16:07:32,71.92,114.08,-5.22,91,91,6.06,overcast clouds,0.0,0.0
22,bluff,NZ,2020-04-15 16:07:33,-46.6,168.33,51.01,85,41,14.0,light rain,0.46,0.0
23,evensk,RU,2020-04-15 16:07:33,61.95,159.23,12.34,87,90,7.52,overcast clouds,0.0,0.0
24,dunedin,NZ,2020-04-15 16:07:22,-45.87,170.5,54.0,81,92,3.0,light rain,0.26,0.0
25,atuona,PF,2020-04-15 16:07:33,-9.8,-139.03,81.61,77,48,8.08,light rain,0.59,0.0
26,akyab,MM,2020-04-15 16:07:34,20.15,92.9,80.15,81,0,5.61,clear sky,0.0,0.0
27,drumheller,CA,2020-04-15 16:05:21,51.46,-112.71,35.01,44,100,12.41,light snow,0.0,0.52
28,yichang,CN,2020-04-15 16:04:45,30.71,111.28,66.87,65,0,0.98,clear sky,0.0,0.0
29,ibaiti,BR,2020-04-15 16:07:35,-23.85,-50.19,72.0,50,10,3.0,clear sky,0.0,0.0
30,dolores,AR,2020-04-15 16:07:35,-36.31,-57.68,62.64,59,16,15.05,few clouds,0.0,0.0
31,saint-augustin,CA,2020-04-15 16:07:35,51.23,-58.65,34.43,83,92,17.81,overcast clouds,0.0,0.0
32,terrace bay,CA,2020-04-15 16:07:36,48.78,-87.1,24.8,38,75,6.93,broken clouds,0.0,0.0
33,carnarvon,AU,2020-04-15 16:07:36,-24.87,113.63,75.2,73,40,19.46,scattered clouds,0.0,0.0
34,puerto ayora,EC,2020-04-15 16:07:36,-0.74,-90.35,82.4,78,75,9.17,heavy intensity rain,0.0,0.0
35,saint-georges,GD,2020-04-15 16:07:36,12.06,-61.75,86.0,66,20,19.46,few clouds,0.0,0.0
36,mataura,NZ,2020-04-15 16:07:36,-46.19,168.86,51.01,85,69,14.0,light rain,0.51,0.0
37,dikson,RU,2020-04-15 16:07:30,73.51,80.55,6.73,84,12,5.91,few clouds,0.0,0.0
38,hilo,US,2020-04-15 16:02:56,19.73,-155.09,71.6,73,75,4.7,broken clouds,0.0,0.0
39,vila velha,BR,2020-04-15 16:07:37,-20.33,-40.29,84.2,66,40,9.17,scattered clouds,0.0,0.0
40,east london,ZA,2020-04-15 16:03:43,-33.02,27.91,68.67,72,92,13.42,light rain,0.19,0.0
41,brae,GB,2020-04-15 16:07:37,60.4,-1.35,50.0,87,99,29.97,light rain,0.65,0.0
42,kodiak,US,2020-04-15 16:04:31,57.79,-152.41,41.0,86,90,4.7,fog,0.0,0.0
43,half moon bay,US,2020-04-15 16:07:38,37.46,-122.43,64.0,76,1,2.89,haze,0.0,0.0
44,tasiilaq,GL,2020-04-15 16:07:38,65.61,-37.64,28.4,79,75,10.29,broken clouds,0.0,0.0
45,klaksvik,FO,2020-04-15 16:06:06,62.23,-6.59,42.8,75,75,26.4,light rain,0.14,0.0
46,yar-sale,RU,2020-04-15 16:06:26,66.83,70.83,20.52,96,43,11.23,scattered clouds,0.0,0.0
47,hithadhoo,MV,2020-04-15 16:07:31,-0.6,73.08,85.3,70,92,8.52,light rain,1.18,0.0
48,bredasdorp,ZA,2020-04-15 16:07:39,-34.53,20.04,66.2,63,98,8.05,overcast clouds,0.0,0.0
49,kahului,US,2020-04-15 16:04:33,20.89,-156.47,71.6,78,1,5.82,clear sky,0.0,0.0
50,yakima,US,2020-04-15 16:05:57,46.47,-120.67,60.8,47,1,9.17,clear sky,0.0,0.0
51,bonthe,SL,2020-04-15 16:07:40,7.53,-12.51,86.94,67,100,9.91,light rain,2.67,0.0
52,hofn,IS,2020-04-15 16:07:40,64.25,-15.21,48.2,36,20,19.46,few clouds,0.0,0.0
53,pachino,IT,2020-04-15 16:07:41,36.72,15.09,62.6,67,40,6.93,scattered clouds,0.0,0.0
54,meadow lake,US,2020-04-15 16:07:41,34.8,-106.54,48.99,33,1,3.36,clear sky,0.0,0.0
55,cape town,ZA,2020-04-15 16:02:59,-33.93,18.42,68.0,55,100,6.93,overcast clouds,0.0,0.0
56,singarayakonda,IN,2020-04-15 16:07:42,15.25,80.03,79.92,78,0,9.53,clear sky,0.0,0.0
57,chokurdakh,RU,2020-04-15 16:07:42,70.63,147.92,-9.11,88,96,9.46,overcast clouds,0.0,0.0
58,port alfred,ZA,2020-04-15 16:07:42,-33.59,26.89,63.0,92,65,12.01,light rain,0.71,0.0
59,sorland,NO,2020-04-15 16:07:42,67.67,12.69,35.6,80,75,5.82,shower rain,0.0,0.0
60,taguatinga,BR,2020-04-15 16:07:43,-12.39,-46.57,72.7,83,100,2.42,moderate rain,3.49,0.0
61,vila franca do campo,PT,2020-04-15 16:07:43,37.72,-25.43,57.2,76,40,20.8,scattered clouds,0.0,0.0
62,yellowknife,CA,2020-04-15 16:07:43,62.46,-114.35,19.0,78,20,5.82,few clouds,0.0,0.0
63,fairbanks,US,2020-04-15 16:06:53,64.84,-147.72,37.99,86,1,2.95,clear sky,0.0,0.0
64,laguna,US,2020-04-15 16:06:02,38.42,-121.42,63.0,62,1,3.36,clear sky,0.0,0.0
65,jaca,ES,2020-04-15 16:07:44,42.57,-0.55,55.4,87,90,6.93,light rain,0.0,0.0
66,qaanaaq,GL,2020-04-15 16:07:44,77.48,-69.36,12.22,89,94,1.32,overcast clouds,0.0,0.0
67,gijon,ES,2020-04-15 16:04:11,43.54,-5.66,69.01,52,100,5.82,overcast clouds,0.0,0.0
68,georgetown,MY,2020-04-15 16:03:23,5.41,100.34,80.6,88,40,1.36,light rain,0.0,0.0
69,san ramon,US,2020-04-15 16:07:45,37.78,-121.98,64.0,58,1,0.92,clear sky,0.0,0.0
70,saint augustine,US,2020-04-15 16:07:45,29.89,-81.31,84.99,78,90,13.87,haze,0.0,0.0
71,kieta,PG,2020-04-15 16:07:45,-6.22,155.63,79.81,76,51,2.59,broken clouds,0.0,0.0
72,chapais,CA,2020-04-15 16:07:45,49.78,-74.85,17.6,52,1,8.05,clear sky,0.0,0.0
73,rawson,AR,2020-04-15 16:07:46,-43.3,-65.1,69.51,30,53,19.33,broken clouds,0.0,0.0
74,najran,SA,2020-04-15 16:07:46,17.49,44.13,82.4,39,40,16.11,scattered clouds,0.0,0.0
75,monrovia,LR,2020-04-15 16:07:46,6.3,-10.8,84.2,83,75,4.7,thunderstorm with rain,0.0,0.0
76,cabo san lucas,MX,2020-04-15 16:07:46,22.89,-109.91,73.99,46,5,2.19,clear sky,0.0,0.0
77,hobart,AU,2020-04-15 16:04:42,-42.88,147.33,59.0,72,40,11.41,light rain,0.0,0.0
78,ahmadpur east,PK,2020-04-15 16:07:47,29.14,71.26,90.84,13,2,4.72,clear sky,0.0,0.0
79,snezhnogorsk,RU,2020-04-15 16:07:47,69.19,33.25,39.2,55,20,8.95,few clouds,0.0,0.0
80,iralaya,HN,2020-04-15 16:07:47,15.0,-83.23,84.31,63,29,10.27,scattered clouds,0.0,0.0
81,sorong,ID,2020-04-15 16:05:08,-0.88,131.25,77.77,88,98,3.06,light rain,0.45,0.0
82,roald,NO,2020-04-15 16:07:48,62.58,6.13,46.4,100,75,34.45,light rain,0.0,0.0
83,lebu,CL,2020-04-15 16:07:40,-37.62,-73.65,60.84,56,100,7.92,overcast clouds,0.0,0.0
84,new norfolk,AU,2020-04-15 16:07:48,-42.78,147.06,59.0,72,40,11.41,scattered clouds,0.0,0.0
85,ancud,CL,2020-04-15 16:07:49,-41.87,-73.82,51.8,100,90,14.99,overcast clouds,0.0,0.0
86,riyadh,SA,2020-04-15 16:03:08,24.69,46.72,82.4,32,61,2.24,light rain,0.62,0.0
87,santa rosalia,MX,2020-04-15 16:07:49,27.32,-112.28,70.99,32,61,8.55,broken clouds,0.0,0.0
88,barrow,US,2020-04-15 16:07:49,71.29,-156.79,15.8,85,90,20.8,light snow,0.0,0.0
89,kapaa,US,2020-04-15 16:07:49,22.08,-159.32,66.99,78,90,6.93,moderate rain,0.0,0.0
90,broken hill,AU,2020-04-15 16:07:50,-31.95,141.43,78.8,29,66,10.29,broken clouds,0.0,0.0
91,bulungu,CD,2020-04-15 16:07:50,-4.55,18.6,89.89,51,75,3.69,broken clouds,0.0,0.0
92,bengkulu,ID,2020-04-15 16:05:34,-3.8,102.27,79.77,80,100,2.39,light rain,0.85,0.0
93,maniitsoq,GL,2020-04-15 16:07:50,65.42,-52.9,32.0,95,100,18.88,light snow,0.0,0.73
94,jardim,BR,2020-04-15 16:07:50,-21.48,-56.14,70.56,38,0,7.4,clear sky,0.0,0.0
95,tilichiki,RU,2020-04-15 16:07:51,60.47,166.1,13.37,95,78,5.86,broken clouds,0.0,0.0
96,thompson,CA,2020-04-15 16:03:05,55.74,-97.86,14.0,56,20,10.29,few clouds,0.0,0.0
97,pochutla,MX,2020-04-15 16:07:51,15.74,-96.47,90.0,58,5,1.16,clear sky,0.0,0.0
98,ribeira grande,PT,2020-04-15 16:07:52,38.52,-28.7,60.8,55,40,20.8,scattered clouds,0.0,0.0
99,tuktoyaktuk,CA,2020-04-15 16:07:52,69.45,-133.04,23.0,85,75,10.29,broken clouds,0.0,0.0
100,itoman,JP,2020-04-15 16:07:52,26.12,127.67,68.0,64,75,8.05,broken clouds,0.0,0.0
101,mareeba,AU,2020-04-15 16:07:52,-17.0,145.43,77.0,83,75,9.17,broken clouds,0.0,0.0
102,arraial do cabo,BR,2020-04-15 16:03:56,-22.97,-42.03,86.0,55,20,9.17,few clouds,0.0,0.0
103,tommot,RU,2020-04-15 16:07:53,58.96,126.29,34.84,78,74,4.23,broken clouds,0.0,0.0
104,bambous virieux,MU,2020-04-15 16:07:53,-20.34,57.76,78.8,78,75,13.87,broken clouds,0.0,0.0
105,stillwater,US,2020-04-15 16:05:20,36.12,-97.06,52.0,53,1,10.29,clear sky,0.0,0.0
106,great yarmouth,GB,2020-04-15 16:07:54,52.61,1.73,64.0,36,4,4.7,clear sky,0.0,0.0
107,isangel,VU,2020-04-15 16:07:54,-19.55,169.27,78.4,81,100,11.54,light rain,0.77,0.0
108,manta,EC,2020-04-15 16:07:54,-0.95,-80.73,82.4,74,75,4.7,broken clouds,0.0,0.0
109,rivne,UA,2020-04-15 16:07:55,50.62,26.23,44.6,45,40,22.37,scattered clouds,0.0,0.0
110,nanortalik,GL,2020-04-15 16:07:35,60.14,-45.24,36.64,92,100,18.99,light rain,1.93,0.0
111,castro,BR,2020-04-15 16:07:55,-24.79,-50.01,64.53,25,0,4.79,clear sky,0.0,0.0
112,kavieng,PG,2020-04-15 16:07:56,-2.57,150.8,82.26,73,100,2.98,light rain,1.75,0.0
113,phan thiet,VN,2020-04-15 16:07:56,10.93,108.1,78.53,73,0,12.24,clear sky,0.0,0.0
114,ketchikan,US,2020-04-15 16:07:57,55.34,-131.65,44.6,93,40,8.05,scattered clouds,0.0,0.0
115,pevek,RU,2020-04-15 16:07:57,69.7,170.31,5.54,95,100,3.13,overcast clouds,0.0,0.0
116,avarua,CK,2020-04-15 16:07:58,-21.21,-159.78,71.6,88,71,3.36,broken clouds,0.0,0.0
117,hermanus,ZA,2020-04-15 16:07:58,-34.42,19.23,64.99,78,100,5.86,overcast clouds,0.0,0.0
118,butaritari,KI,2020-04-15 16:07:59,3.07,172.79,82.72,81,100,15.57,light rain,1.09,0.0
119,longyearbyen,SJ,2020-04-15 16:07:59,78.22,15.64,33.8,74,75,34.45,broken clouds,0.0,0.0
120,villa carlos paz,AR,2020-04-15 16:03:45,-31.42,-64.5,73.0,43,0,5.82,clear sky,0.0,0.0
121,monduli,TZ,2020-04-15 16:08:00,-3.3,36.45,77.0,69,75,4.7,broken clouds,0.0,0.0
122,bilibino,RU,2020-04-15 16:08:00,68.05,166.44,1.58,84,85,3.67,overcast clouds,0.0,0.0
123,darhan,MN,2020-04-15 16:08:01,49.49,105.92,39.87,66,100,2.66,overcast clouds,0.0,0.0
124,vaini,TO,2020-04-15 16:08:01,-21.2,-175.2,69.8,94,20,3.36,few clouds,0.0,0.0
125,okitipupa,NG,2020-04-15 16:08:01,6.5,4.78,91.72,57,96,4.9,overcast clouds,0.0,0.0
126,bastia,FR,2020-04-15 16:08:02,42.67,9.33,69.8,42,0,5.82,clear sky,0.0,0.0
127,jogindarnagar,IN,2020-04-15 16:08:02,31.98,76.77,68.36,27,3,8.52,light rain,0.36,0.0
128,kaitangata,NZ,2020-04-15 16:08:02,-46.28,169.85,52.0,67,38,11.01,light rain,0.27,0.0
129,ahipara,NZ,2020-04-15 16:08:03,-35.17,173.17,61.65,73,69,18.79,light rain,0.43,0.0
130,nambucca heads,AU,2020-04-15 16:08:03,-30.65,153.0,68.0,72,3,6.93,clear sky,0.0,0.0
131,jamestown,US,2020-04-15 16:04:28,42.1,-79.24,39.2,64,90,9.17,light rain,0.0,0.0
132,nantucket,US,2020-04-15 16:03:08,41.28,-70.1,44.01,93,90,12.75,overcast clouds,0.0,0.0
133,kununurra,AU,2020-04-15 16:08:04,-15.77,128.73,73.4,78,99,3.47,overcast clouds,0.0,0.0
134,ponta do sol,PT,2020-04-15 16:07:29,32.67,-17.1,68.0,68,40,29.97,scattered clouds,0.0,0.0
135,los llanos de aridane,ES,2020-04-15 16:07:53,28.66,-17.92,75.2,50,20,10.29,few clouds,0.0,0.0
136,shu,KZ,2020-04-15 16:08:06,43.6,73.76,49.28,53,100,2.37,overcast clouds,0.0,0.0
137,brokopondo,SR,2020-04-15 16:08:06,4.75,-55.17,87.96,47,73,3.56,broken clouds,0.0,0.0
138,benghazi,LY,2020-04-15 16:08:07,32.12,20.07,68.05,64,68,14.43,broken clouds,0.0,0.0
139,tsabong,BW,2020-04-15 16:08:07,-26.02,22.4,76.93,12,0,5.06,clear sky,0.0,0.0
140,nuuk,GL,2020-04-15 16:08:07,64.18,-51.72,37.4,86,90,33.33,sleet,0.0,0.0
141,skjervoy,NO,2020-04-15 16:08:07,70.03,20.97,37.4,69,99,9.17,overcast clouds,0.0,0.0
142,teshie,GH,2020-04-15 16:08:08,5.58,-0.11,89.6,62,26,16.11,scattered clouds,0.0,0.0
143,khandyga,RU,2020-04-15 16:08:08,62.67,135.6,21.16,94,100,6.69,light snow,0.0,0.16
144,maicao,CO,2020-04-15 16:08:08,11.38,-72.24,86.86,50,39,13.85,scattered clouds,0.0,0.0
145,chipinge,ZW,2020-04-15 16:08:08,-20.19,32.62,73.24,55,31,5.88,light rain,0.75,0.0
146,payo,ID,2020-04-15 16:08:09,-3.75,103.64,75.65,89,100,1.16,light rain,2.83,0.0
147,faanui,PF,2020-04-15 16:08:09,-16.48,-151.75,82.24,67,2,7.4,clear sky,0.0,0.0
148,ulaanbaatar,MN,2020-04-15 16:06:56,47.91,106.88,33.8,69,63,6.71,broken clouds,0.0,0.0
149,crotone,IT,2020-04-15 16:08:09,39.09,17.12,55.4,47,0,21.92,clear sky,0.0,0.0
150,pisco,PE,2020-04-15 16:08:09,-13.7,-76.22,79.0,30,75,5.82,broken clouds,0.0,0.0
151,san quintin,MX,2020-04-15 16:08:10,30.48,-115.95,63.61,64,0,3.22,clear sky,0.0,0.0
152,sabang,ID,2020-04-15 16:08:10,5.89,95.32,83.75,76,58,4.05,broken clouds,0.0,0.0
153,leh,IN,2020-04-15 16:08:10,34.17,77.58,40.66,15,39,4.92,light snow,0.0,0.29
154,albany,US,2020-04-15 16:05:02,42.6,-73.97,46.0,38,75,14.99,light snow,0.0,0.0
155,sitka,US,2020-04-15 16:08:11,57.05,-135.33,42.8,93,90,3.36,overcast clouds,0.0,0.0
156,tucupita,VE,2020-04-15 16:08:11,9.06,-62.05,91.98,42,46,5.77,scattered clouds,0.0,0.0
157,mantua,IT,2020-04-15 16:07:44,45.17,10.78,64.0,31,0,3.36,clear sky,0.0,0.0
158,boueni,YT,2020-04-15 16:08:12,-12.9,45.08,84.2,74,40,6.93,scattered clouds,0.0,0.0
159,thinadhoo,MV,2020-04-15 16:08:04,0.53,72.93,85.66,68,93,5.55,light rain,0.21,0.0
160,kirakira,SB,2020-04-15 16:08:12,-10.45,161.92,81.52,79,100,5.08,light rain,0.11,0.0
161,harper,LR,2020-04-15 16:07:51,4.38,-7.72,85.96,70,39,8.21,light rain,1.09,0.0
162,souillac,MU,2020-04-15 16:08:12,-20.52,57.52,78.8,78,75,13.87,broken clouds,0.0,0.0
163,nizwa,OM,2020-04-15 16:08:13,22.93,57.53,86.22,16,100,4.23,overcast clouds,0.0,0.0
164,hoi an,VN,2020-04-15 16:08:13,15.88,108.33,75.2,88,40,1.12,scattered clouds,0.0,0.0
165,mahebourg,MU,2020-04-15 16:08:13,-20.41,57.7,78.8,78,75,13.87,broken clouds,0.0,0.0
166,imeni poliny osipenko,RU,2020-04-15 16:08:13,52.42,136.49,32.47,85,0,2.59,clear sky,0.0,0.0
167,bandar-e lengeh,IR,2020-04-15 16:08:14,26.56,54.88,69.8,94,75,6.93,broken clouds,0.0,0.0
168,brumunddal,NO,2020-04-15 16:08:14,60.88,10.94,59.0,39,9,7.0,clear sky,0.0,0.0
169,breves,BR,2020-04-15 16:08:14,-1.68,-50.48,87.73,59,59,2.91,broken clouds,0.0,0.0
170,port elizabeth,ZA,2020-04-15 16:08:14,-33.92,25.57,68.0,72,32,5.82,light rain,0.15,0.0
171,coquimbo,CL,2020-04-15 16:08:15,-29.95,-71.34,59.0,82,90,4.7,overcast clouds,0.0,0.0
172,chillicothe,US,2020-04-15 16:05:33,39.33,-82.98,50.0,33,1,14.99,clear sky,0.0,0.0
173,goderich,CA,2020-04-15 16:08:15,43.75,-81.72,37.0,63,84,13.82,light snow,0.0,0.26
174,jijiga,ET,2020-04-15 16:08:16,9.35,42.8,70.54,46,87,7.4,moderate rain,6.22,0.0
175,acajutla,SV,2020-04-15 16:08:16,13.59,-89.83,85.44,62,14,1.34,light rain,0.81,0.0
176,tecoanapa,MX,2020-04-15 16:08:17,16.52,-98.75,83.21,54,90,3.29,overcast clouds,0.0,0.0
177,saldanha,ZA,2020-04-15 16:08:17,-33.01,17.94,68.0,56,100,12.75,overcast clouds,0.0,0.0
178,kidal,ML,2020-04-15 16:08:18,18.44,1.41,102.72,6,67,11.03,broken clouds,0.0,0.0
179,ilulissat,GL,2020-04-15 16:08:18,69.22,-51.1,26.6,45,75,4.7,broken clouds,0.0,0.0
180,chuy,UY,2020-04-15 16:08:19,-33.7,-53.46,62.51,83,100,24.02,light rain,1.35,0.0
181,ponta delgada,PT,2020-04-15 16:08:19,37.73,-25.67,57.2,76,40,20.8,scattered clouds,0.0,0.0
182,northam,GB,2020-04-15 16:08:20,51.03,-4.22,60.8,44,0,10.29,clear sky,0.0,0.0
183,aklavik,CA,2020-04-15 16:08:20,68.22,-135.01,33.8,79,90,4.7,overcast clouds,0.0,0.0
184,pangkalanbuun,ID,2020-04-15 16:08:21,-2.68,111.62,78.57,85,91,2.55,overcast clouds,0.0,0.0
185,saint pete beach,US,2020-04-15 16:08:21,27.73,-82.74,88.0,78,75,19.46,broken clouds,0.0,0.0
186,reno,US,2020-04-15 16:07:29,39.53,-119.81,52.0,48,20,5.64,few clouds,0.0,0.0
187,san patricio,MX,2020-04-15 16:08:22,19.22,-104.7,77.0,73,5,6.93,clear sky,0.0,0.0
188,amuntai,ID,2020-04-15 16:08:22,-2.42,115.25,79.57,81,94,1.54,light rain,0.27,0.0
189,sola,VU,2020-04-15 16:08:22,-13.88,167.55,78.8,100,90,14.81,overcast clouds,0.0,0.0
190,south lake tahoe,US,2020-04-15 16:08:23,38.93,-119.98,51.01,42,1,2.62,clear sky,0.0,0.0
191,palmerston,AU,2020-04-15 16:08:23,-12.49,130.98,82.0,83,100,4.7,light rain,2.01,0.0
192,benicarlo,ES,2020-04-15 16:04:15,40.42,0.43,52.0,89,93,3.0,overcast clouds,0.0,0.0
193,olga,RU,2020-04-15 16:08:24,43.74,135.29,34.54,86,0,2.55,clear sky,0.0,0.0
194,lagoa,PT,2020-04-15 16:08:24,39.05,-27.98,56.37,72,42,23.98,light rain,0.42,0.0
195,tazovskiy,RU,2020-04-15 16:05:04,67.47,78.7,11.73,89,0,9.75,clear sky,0.0,0.0
196,bethel,US,2020-04-15 16:08:25,41.37,-73.41,50.0,41,40,8.05,scattered clouds,0.0,0.0
197,paranga,RU,2020-04-15 16:08:26,56.7,49.4,52.77,55,100,17.16,overcast clouds,0.0,0.0
198,marzuq,YE,2020-04-15 16:08:26,14.4,46.47,78.94,41,42,13.76,scattered clouds,0.0,0.0
199,ostrovnoy,RU,2020-04-15 16:08:27,68.05,39.51,33.37,95,100,1.9,snow,0.0,2.31
200,sabya,SA,2020-04-15 16:08:27,17.15,42.63,86.0,66,40,6.93,scattered clouds,0.0,0.0
201,gracac,HR,2020-04-15 16:08:27,44.3,15.85,57.99,36,0,14.99,clear sky,0.0,0.0
202,constantine,DZ,2020-04-15 16:06:14,36.37,6.61,75.2,50,75,3.36,broken clouds,0.0,0.0
203,annau,TM,2020-04-15 16:08:28,37.89,58.52,60.8,63,20,11.41,few clouds,0.0,0.0
204,ornskoldsvik,SE,2020-04-15 16:08:28,63.29,18.72,46.4,42,99,11.41,overcast clouds,0.0,0.0
205,bungu,TZ,2020-04-15 16:08:28,-7.63,39.06,77.59,90,100,5.82,light rain,2.08,0.0
206,coihaique,CL,2020-04-15 16:07:56,-45.58,-72.07,55.4,87,75,4.7,broken clouds,0.0,0.0
207,samarai,PG,2020-04-15 16:08:29,-10.62,150.67,80.31,86,52,8.48,light rain,0.58,0.0
208,soubre,CI,2020-04-15 16:08:29,5.79,-6.61,90.63,53,76,0.56,light rain,0.66,0.0
209,port lincoln,AU,2020-04-15 16:08:29,-34.73,135.87,64.67,79,80,12.33,broken clouds,0.0,0.0
210,norman wells,CA,2020-04-15 16:08:29,65.28,-126.83,28.4,74,75,11.41,broken clouds,0.0,0.0
211,aguimes,ES,2020-04-15 16:08:30,27.91,-15.45,71.6,64,75,18.34,broken clouds,0.0,0.0
212,cidreira,BR,2020-04-15 16:08:30,-30.18,-50.21,65.14,56,13,24.45,few clouds,0.0,0.0
213,pasighat,IN,2020-04-15 16:08:06,28.07,95.33,78.94,40,10,4.41,clear sky,0.0,0.0
214,te anau,NZ,2020-04-15 16:08:30,-45.42,167.72,48.83,75,58,5.95,light rain,0.61,0.0
215,clyde river,CA,2020-04-15 16:08:30,70.47,-68.59,1.4,91,75,11.41,mist,0.0,0.0
216,yudong,CN,2020-04-15 16:08:31,29.39,106.52,72.0,53,0,4.47,clear sky,0.0,0.0
217,kruisfontein,ZA,2020-04-15 16:08:31,-34.0,24.73,66.52,69,14,9.4,few clouds,0.0,0.0
218,eston,CA,2020-04-15 16:08:31,51.15,-108.75,28.99,58,20,14.99,few clouds,0.0,0.0
219,manaure,CO,2020-04-15 16:08:32,11.78,-72.44,91.4,43,20,16.11,few clouds,0.0,0.0
220,igarka,RU,2020-04-15 16:08:32,67.47,86.58,14.31,93,0,9.31,clear sky,0.0,0.0
221,pacific grove,US,2020-04-15 16:03:42,36.62,-121.92,62.01,58,1,4.7,clear sky,0.0,0.0
222,saint-philippe,RE,2020-04-15 16:08:33,-21.36,55.77,77.0,73,3,19.46,clear sky,0.0,0.0
223,linqiong,CN,2020-04-15 16:08:33,30.42,103.46,73.0,68,67,2.24,broken clouds,0.0,0.0
224,karaton,ID,2020-04-15 16:08:33,-6.34,106.1,82.4,78,20,2.24,few clouds,0.0,0.0
225,codrington,AU,2020-04-15 16:07:32,-38.27,141.97,61.38,80,99,14.76,light rain,1.5,0.0
226,rio de janeiro,BR,2020-04-15 16:08:11,-22.9,-43.21,89.6,65,20,9.17,few clouds,0.0,0.0
227,fuling,CN,2020-04-15 16:08:34,29.7,107.39,69.44,58,0,3.4,clear sky,0.0,0.0
228,usevya,TZ,2020-04-15 16:08:34,-7.1,31.23,77.79,65,98,2.35,light rain,2.27,0.0
229,lewisburg,US,2020-04-15 16:08:34,35.45,-86.79,53.01,37,1,3.36,clear sky,0.0,0.0
230,jalu,LY,2020-04-15 16:08:34,29.03,21.55,98.98,9,51,9.82,broken clouds,0.0,0.0
231,alice springs,AU,2020-04-15 16:08:35,-23.7,133.88,64.4,19,0,2.24,clear sky,0.0,0.0
232,zheleznodorozhnyy,RU,2020-04-15 16:07:14,55.75,38.0,39.2,64,86,8.95,overcast clouds,0.0,0.0
233,muros,ES,2020-04-15 16:08:35,42.78,-9.06,59.0,72,40,2.24,scattered clouds,0.0,0.0
234,hasaki,JP,2020-04-15 16:08:35,35.73,140.83,48.2,93,75,3.36,broken clouds,0.0,0.0
235,kuytun,RU,2020-04-15 16:08:35,54.34,101.5,41.99,50,0,5.14,clear sky,0.0,0.0
236,olafsvik,IS,2020-04-15 16:08:36,64.89,-23.71,35.87,82,69,17.87,broken clouds,0.0,0.0
237,valparaiso,CL,2020-04-15 16:06:08,-33.04,-71.63,62.6,67,100,4.7,overcast clouds,0.0,0.0
238,hammerfest,NO,2020-04-15 16:04:16,70.66,23.68,37.4,69,40,12.75,scattered clouds,0.0,0.0
239,talnakh,RU,2020-04-15 16:08:36,69.49,88.4,3.2,77,40,20.13,scattered clouds,0.0,0.0
240,cockburn town,TC,2020-04-15 16:07:38,21.46,-71.14,78.71,81,2,13.91,clear sky,0.0,0.0
241,caravelas,BR,2020-04-15 16:08:37,-17.71,-39.25,81.91,72,81,2.55,broken clouds,0.0,0.0
242,porvoo,FI,2020-04-15 16:06:05,60.39,25.67,46.99,65,75,9.17,shower rain,0.0,0.0
243,sao bento,BR,2020-04-15 16:08:37,-6.28,-37.75,84.27,51,88,4.32,overcast clouds,0.0,0.0
244,tharad,IN,2020-04-15 16:08:37,24.4,71.63,89.51,21,0,8.1,clear sky,0.0,0.0
245,vestmannaeyjar,IS,2020-04-15 16:05:02,63.44,-20.27,42.8,60,20,26.4,few clouds,0.0,0.0
246,bara,NG,2020-04-15 16:08:38,10.37,10.73,104.61,7,2,6.08,clear sky,0.0,0.0
247,urumqi,CN,2020-04-15 16:04:26,43.8,87.6,60.8,48,100,6.71,light rain,0.12,0.0
248,sechura,PE,2020-04-15 16:08:39,-5.56,-80.82,74.59,73,53,7.99,light rain,0.14,0.0
249,nioro,GM,2020-04-15 16:08:39,13.35,-15.75,104.13,11,9,8.61,clear sky,0.0,0.0
250,nikolskoye,RU,2020-04-15 16:08:39,59.7,30.79,42.01,64,75,8.95,broken clouds,0.0,0.0
251,afyonkarahisar,TR,2020-04-15 16:08:39,38.75,30.67,59.38,32,65,10.4,broken clouds,0.0,0.0
252,fuyu,CN,2020-04-15 16:08:40,45.18,124.82,52.63,38,91,12.55,overcast clouds,0.0,0.0
253,bongor,TD,2020-04-15 16:08:40,10.28,15.37,108.48,6,0,7.0,clear sky,0.0,0.0
254,praya,CV,2020-04-15 16:08:40,14.92,-23.51,82.4,51,20,19.46,few clouds,0.0,0.0
255,san cristobal,VE,2020-04-15 16:08:40,7.77,-72.22,82.4,65,40,8.05,haze,0.0,0.0
256,dubbo,AU,2020-04-15 16:06:41,-32.25,148.62,55.4,93,80,4.7,broken clouds,0.0,0.0
257,serenje,ZM,2020-04-15 16:08:41,-13.23,30.24,71.56,55,62,7.92,light rain,1.39,0.0
258,novyy urengoy,RU,2020-04-15 16:08:41,66.08,76.63,16.63,92,0,10.94,clear sky,0.0,0.0
259,azle,US,2020-04-15 16:08:41,32.9,-97.55,54.0,61,40,4.7,scattered clouds,0.0,0.0
260,beringovskiy,RU,2020-04-15 16:08:42,63.05,179.32,20.07,97,99,9.8,light snow,0.0,0.47
261,kralendijk,BQ,2020-04-15 16:08:42,12.15,-68.27,86.0,62,75,16.11,broken clouds,0.0,0.0
262,luderitz,NA,2020-04-15 16:08:42,-26.65,15.16,66.2,63,0,21.92,clear sky,0.0,0.0
263,altay,CN,2020-04-15 16:08:42,47.87,88.12,48.11,35,100,5.95,overcast clouds,0.0,0.0
264,nizhnyaya tavda,RU,2020-04-15 16:08:42,57.67,66.17,39.9,70,8,3.71,clear sky,0.0,0.0
265,seoul,KR,2020-04-15 16:04:20,37.57,126.98,51.8,39,1,1.25,clear sky,0.0,0.0
266,salalah,OM,2020-04-15 16:07:34,17.02,54.09,82.4,74,40,6.93,scattered clouds,0.0,0.0
267,raudeberg,NO,2020-04-15 16:08:43,61.99,5.14,46.4,100,75,26.4,light intensity drizzle rain,0.0,0.0
268,bayanday,RU,2020-04-15 16:08:43,53.07,105.51,38.17,54,0,3.0,clear sky,0.0,0.0
269,faya,SA,2020-04-15 16:08:44,18.39,42.45,66.2,77,40,11.41,scattered clouds,0.0,0.0
270,amaraji,BR,2020-04-15 16:08:44,-8.38,-35.45,87.8,70,40,8.05,scattered clouds,0.0,0.0
271,alta floresta,BR,2020-04-15 16:07:06,-9.88,-56.09,74.26,89,100,4.36,light rain,1.72,0.0
272,tiznit,MA,2020-04-15 16:07:51,29.58,-9.5,69.73,42,71,10.47,broken clouds,0.0,0.0
273,oranjemund,NA,2020-04-15 16:08:45,-28.55,16.43,63.93,66,0,20.24,clear sky,0.0,0.0
274,kenitra,MA,2020-04-15 16:08:45,34.26,-6.58,68.0,56,75,13.87,broken clouds,0.0,0.0
275,saint anthony,US,2020-04-15 16:07:44,45.02,-93.22,28.99,49,90,6.93,overcast clouds,0.0,0.0
276,shediac,CA,2020-04-15 16:06:11,46.22,-64.54,42.8,45,75,8.05,broken clouds,0.0,0.0
277,matagami,CA,2020-04-15 16:08:01,49.75,-77.63,19.4,48,1,12.75,clear sky,0.0,0.0
278,nome,US,2020-04-15 16:08:46,64.5,-165.41,32.0,100,90,10.29,mist,0.0,0.0
279,torres,BR,2020-04-15 16:08:46,-29.34,-49.73,70.9,36,0,10.76,clear sky,0.0,0.0
280,gobabis,NA,2020-04-15 16:08:47,-22.45,18.97,84.2,23,70,70.24,broken clouds,0.0,0.0
281,tahe,CN,2020-04-15 16:08:47,52.33,124.73,37.11,59,0,1.97,clear sky,0.0,0.0
282,lebork,PL,2020-04-15 16:08:47,54.54,17.75,51.01,75,90,20.8,overcast clouds,0.0,0.0
283,necochea,AR,2020-04-15 16:04:24,-38.55,-58.74,66.0,65,0,11.99,clear sky,0.0,0.0
284,colombia,CU,2020-04-15 16:08:47,20.99,-77.43,89.89,48,7,3.83,clear sky,0.0,0.0
285,banposh,IN,2020-04-15 16:08:48,22.25,84.8,90.88,18,59,3.89,broken clouds,0.0,0.0
286,ossora,RU,2020-04-15 16:08:48,59.24,163.07,23.4,97,100,6.98,light snow,0.0,0.64
287,praia da vitoria,PT,2020-04-15 16:08:48,38.73,-27.07,55.4,87,75,24.87,shower rain,0.0,0.0
288,hwange,ZW,2020-04-15 16:08:49,-18.37,26.5,88.57,27,87,3.2,overcast clouds,0.0,0.0
289,kudahuvadhoo,MV,2020-04-15 16:07:33,2.67,72.89,85.84,64,93,3.8,overcast clouds,0.0,0.0
290,bayangol,RU,2020-04-15 16:08:49,50.7,103.47,31.84,52,0,1.21,clear sky,0.0,0.0
291,yerbogachen,RU,2020-04-15 16:08:49,61.28,108.01,35.65,87,61,4.03,broken clouds,0.0,0.0
292,dwarka,IN,2020-04-15 16:07:47,22.24,68.97,81.25,73,8,13.22,clear sky,0.0,0.0
293,antofagasta,CL,2020-04-15 16:08:50,-23.65,-70.4,68.0,64,3,6.93,clear sky,0.0,0.0
294,tyukhtet,RU,2020-04-15 16:08:50,56.54,89.3,48.85,77,85,5.35,light rain,0.67,0.0
295,elat,IL,2020-04-15 16:08:13,29.56,34.95,87.8,19,36,9.17,scattered clouds,0.0,0.0
296,geraldton,AU,2020-04-15 16:06:29,-28.77,114.6,62.6,77,0,9.17,clear sky,0.0,0.0
297,danielskuil,ZA,2020-04-15 16:08:50,-28.19,23.54,68.04,14,15,11.32,few clouds,0.0,0.0
298,neryungri,RU,2020-04-15 16:08:51,56.67,124.65,26.1,82,7,2.06,clear sky,0.0,0.0
299,sandpoint,US,2020-04-15 16:04:28,48.28,-116.55,43.0,70,90,12.75,overcast clouds,0.0,0.0
300,mitu,CO,2020-04-15 16:08:51,1.2,-70.17,90.46,45,62,3.96,broken clouds,0.0,0.0
301,hermon,US,2020-04-15 16:08:52,44.81,-68.91,46.99,36,75,10.29,broken clouds,0.0,0.0
302,mairana,BO,2020-04-15 16:08:52,-18.12,-63.93,59.83,35,94,3.49,overcast clouds,0.0,0.0
303,sao felix do xingu,BR,2020-04-15 16:07:59,-6.64,-51.99,73.69,83,100,3.83,light rain,0.2,0.0
304,cabedelo,BR,2020-04-15 16:08:52,-6.98,-34.83,82.4,88,75,3.36,broken clouds,0.0,0.0
305,pyapon,MM,2020-04-15 16:08:52,16.28,95.68,79.16,69,98,8.93,overcast clouds,0.0,0.0
306,mayo,US,2020-04-15 16:08:53,38.89,-76.51,48.99,48,1,13.87,clear sky,0.0,0.0
307,mount isa,AU,2020-04-15 16:08:53,-20.73,139.5,80.6,32,0,6.93,clear sky,0.0,0.0
308,togur,RU,2020-04-15 16:08:53,58.36,82.83,40.66,92,100,6.93,light rain,0.48,0.0
309,olinda,BR,2020-04-15 16:08:53,-8.01,-34.86,87.8,70,40,8.05,scattered clouds,0.0,0.0
310,artyom,AZ,2020-04-15 16:08:54,40.47,50.33,53.6,93,20,20.8,few clouds,0.0,0.0
311,baykit,RU,2020-04-15 16:08:54,61.67,96.37,36.81,82,92,0.6,overcast clouds,0.0,0.0
312,manbij,SY,2020-04-15 16:08:54,36.53,37.95,64.4,42,75,11.41,broken clouds,0.0,0.0
313,rosarito,MX,2020-04-15 16:08:54,32.33,-117.03,69.01,58,5,6.93,clear sky,0.0,0.0
314,shingu,JP,2020-04-15 16:08:54,33.73,135.98,53.04,49,75,6.82,broken clouds,0.0,0.0
315,thunder bay,CA,2020-04-15 16:07:33,48.4,-89.32,28.4,39,20,6.93,few clouds,0.0,0.0
316,anloga,GH,2020-04-15 16:08:55,5.79,0.9,89.6,70,20,14.99,few clouds,0.0,0.0
317,husavik,IS,2020-04-15 16:08:55,66.04,-17.34,39.2,55,75,24.16,broken clouds,0.0,0.0
318,naryan-mar,RU,2020-04-15 16:08:56,67.67,53.09,33.44,96,100,14.16,overcast clouds,0.0,0.0
319,qasigiannguit,GL,2020-04-15 16:06:06,68.82,-51.19,26.6,45,75,4.7,broken clouds,0.0,0.0
320,hamilton,US,2020-04-15 16:08:40,39.18,-84.53,50.0,34,1,17.22,clear sky,0.0,0.0
321,buluang,PH,2020-04-15 16:08:56,13.31,123.34,77.77,85,0,4.72,light rain,0.24,0.0
322,mushie,CD,2020-04-15 16:08:57,-3.02,16.9,93.06,46,57,1.97,broken clouds,0.0,0.0
323,omsukchan,RU,2020-04-15 16:08:57,62.53,155.8,2.61,86,56,1.7,broken clouds,0.0,0.0
324,berlevag,NO,2020-04-15 16:08:11,70.86,29.09,33.8,64,40,21.92,scattered clouds,0.0,0.0
325,saint george,US,2020-04-15 16:07:28,37.1,-113.58,54.0,42,1,3.36,clear sky,0.0,0.0
326,emba,KZ,2020-04-15 16:08:57,48.83,58.14,51.82,44,0,10.25,clear sky,0.0,0.0
327,alofi,NU,2020-04-15 16:08:58,-19.06,-169.92,69.8,100,100,1.12,overcast clouds,0.0,0.0
328,glenwood springs,US,2020-04-15 16:08:59,39.55,-107.32,33.01,38,75,5.32,broken clouds,0.0,0.0
329,yelizovo,RU,2020-04-15 16:08:59,53.19,158.38,26.6,86,100,6.71,overcast clouds,0.0,0.0
330,umm kaddadah,SD,2020-04-15 16:08:59,13.6,26.69,92.26,7,0,15.66,clear sky,0.0,0.0
331,khargone,IN,2020-04-15 16:08:59,21.82,75.6,95.81,13,79,5.59,broken clouds,0.0,0.0
332,acarau,BR,2020-04-15 16:09:00,-2.89,-40.12,85.71,72,79,1.68,light rain,2.01,0.0
333,port blair,IN,2020-04-15 16:07:08,11.67,92.75,83.62,77,42,6.49,scattered clouds,0.0,0.0
334,esperance,AU,2020-04-15 16:09:00,-33.87,121.9,57.2,93,90,4.7,overcast clouds,0.0,0.0
335,kashi,CN,2020-04-15 16:09:01,39.45,75.98,66.2,32,40,22.37,light intensity shower rain,0.0,0.0
336,grindavik,IS,2020-04-15 16:09:01,63.84,-22.43,41.0,72,40,24.16,scattered clouds,0.0,0.0
337,derzhavinsk,KZ,2020-04-15 16:09:01,51.1,66.32,50.36,49,80,11.41,broken clouds,0.0,0.0
338,feira nova,BR,2020-04-15 16:09:01,-7.95,-35.39,87.8,70,40,8.05,scattered clouds,0.0,0.0
339,clarence town,AU,2020-04-15 16:09:02,-32.58,151.78,66.0,93,36,3.87,scattered clouds,0.0,0.0
340,port augusta,AU,2020-04-15 16:09:02,-32.5,137.77,75.2,19,40,8.05,scattered clouds,0.0,0.0
341,willowmore,ZA,2020-04-15 16:09:02,-33.29,23.49,68.27,25,66,6.82,broken clouds,0.0,0.0
342,huicheng,CN,2020-04-15 16:09:03,23.04,116.29,66.2,88,97,4.47,overcast clouds,0.0,0.0
343,bolobo,CD,2020-04-15 16:07:04,-2.17,16.23,91.35,47,90,3.02,overcast clouds,0.0,0.0
344,mokrousovo,RU,2020-04-15 16:09:03,55.81,66.77,41.14,68,19,5.91,few clouds,0.0,0.0
345,general pico,AR,2020-04-15 16:07:53,-35.66,-63.76,66.31,35,0,6.4,clear sky,0.0,0.0
346,kantunilkin,MX,2020-04-15 16:09:04,21.09,-87.45,86.0,66,75,14.99,broken clouds,0.0,0.0
347,mount gambier,AU,2020-04-15 16:09:04,-37.83,140.77,59.0,93,90,8.05,light intensity shower rain,0.0,0.0
348,poya,NC,2020-04-15 16:09:04,-21.35,165.15,74.41,85,41,9.26,scattered clouds,0.0,0.0
349,kutum,SD,2020-04-15 16:08:12,14.2,24.67,88.03,7,0,13.53,clear sky,0.0,0.0
350,amli,IN,2020-04-15 16:09:05,20.28,73.02,89.62,28,14,5.88,few clouds,0.0,0.0
351,zavodoukovsk,RU,2020-04-15 16:09:05,56.5,66.55,40.64,69,22,5.28,few clouds,0.0,0.0
352,krasnoselkup,RU,2020-04-15 16:09:05,65.7,82.47,22.5,96,0,11.1,clear sky,0.0,0.0
353,vostok,RU,2020-04-15 16:09:05,46.49,135.88,27.54,75,0,0.22,clear sky,0.0,0.0
354,srednekolymsk,RU,2020-04-15 16:09:06,67.45,153.68,-5.42,91,0,9.66,clear sky,0.0,0.0
355,olavarria,AR,2020-04-15 16:09:06,-36.89,-60.32,64.0,53,20,6.93,few clouds,0.0,0.0
356,norman,US,2020-04-15 16:09:06,35.22,-97.44,51.01,54,1,11.41,clear sky,0.0,0.0
357,senneterre,CA,2020-04-15 16:07:52,48.38,-77.23,23.0,73,75,8.05,light shower snow,0.0,0.0
358,cayenne,GF,2020-04-15 16:09:07,4.93,-52.33,87.8,58,40,11.41,scattered clouds,0.0,0.0
359,russkaya polyana,UA,2020-04-15 16:09:07,49.42,31.92,46.56,51,100,15.26,overcast clouds,0.0,0.0
360,pfarrkirchen,DE,2020-04-15 16:09:07,48.43,12.94,62.01,29,29,1.99,scattered clouds,0.0,0.0
361,batemans bay,AU,2020-04-15 16:09:07,-35.72,150.18,66.99,71,98,1.01,overcast clouds,0.0,0.0
362,regina,CA,2020-04-15 16:06:54,50.45,-104.62,26.6,38,20,5.82,few clouds,0.0,0.0
363,tiksi,RU,2020-04-15 16:09:08,71.69,128.87,1.31,92,100,8.7,light snow,0.0,0.15
364,kholodnyy,RU,2020-04-15 16:09:08,62.72,147.95,11.68,87,71,6.13,broken clouds,0.0,0.0
365,ruzhyn,UA,2020-04-15 16:09:08,49.72,29.2,44.6,39,100,15.66,overcast clouds,0.0,0.0
366,tautira,PF,2020-04-15 16:09:09,-17.73,-149.15,78.8,78,20,5.82,few clouds,0.0,0.0
367,itarema,BR,2020-04-15 16:09:09,-2.92,-39.92,84.72,74,75,1.07,light rain,1.95,0.0
368,narsaq,GL,2020-04-15 16:07:35,60.92,-46.05,33.8,80,75,1.12,broken clouds,0.0,0.0
369,diamantino,BR,2020-04-15 16:07:33,-14.41,-56.45,76.95,71,93,7.14,overcast clouds,0.0,0.0
370,lompoc,US,2020-04-15 16:07:55,34.64,-120.46,64.0,76,1,5.82,clear sky,0.0,0.0
371,babu,CN,2020-04-15 16:09:10,24.42,111.52,64.87,69,68,1.99,broken clouds,0.0,0.0
372,tumut,AU,2020-04-15 16:09:10,-35.3,148.22,60.31,56,96,2.42,overcast clouds,0.0,0.0
373,torbay,CA,2020-04-15 16:09:10,47.67,-52.73,52.0,36,75,9.17,broken clouds,0.0,0.0
374,broome,US,2020-04-15 16:09:11,42.25,-75.83,41.0,43,90,8.05,overcast clouds,0.0,0.0
375,wad rawah,SD,2020-04-15 16:09:11,15.16,33.14,96.1,7,34,14.47,scattered clouds,0.0,0.0
376,jacareacanga,BR,2020-04-15 16:09:11,-6.22,-57.75,74.43,94,100,1.12,moderate rain,7.63,0.0
377,rio grande,BR,2020-04-15 16:07:42,-32.03,-52.1,66.99,63,90,17.22,overcast clouds,0.0,0.0
378,iranshahr,IR,2020-04-15 16:09:12,27.2,60.68,86.0,25,96,9.17,overcast clouds,0.0,0.0
379,port moresby,PG,2020-04-15 16:07:02,-9.44,147.18,77.0,94,40,5.82,scattered clouds,0.0,0.0
380,constitucion,CL,2020-04-15 16:09:12,-35.33,-72.42,62.96,46,100,1.7,overcast clouds,0.0,0.0
381,zaqatala,AZ,2020-04-15 16:09:12,41.63,46.64,68.0,40,20,4.7,few clouds,0.0,0.0
382,reforma,MX,2020-04-15 16:09:13,18.1,-91.02,86.63,57,64,5.28,broken clouds,0.0,0.0
383,lindi,TZ,2020-04-15 16:09:13,-10.0,39.72,80.6,94,40,5.82,scattered clouds,0.0,0.0
384,hailey,US,2020-04-15 16:09:13,43.52,-114.32,35.6,69,40,9.17,scattered clouds,0.0,0.0
385,buchanan,LR,2020-04-15 16:09:13,5.88,-10.05,84.2,83,75,4.7,thunderstorm with rain,0.0,0.0
386,gat,IL,2020-04-15 16:06:37,31.61,34.76,73.4,53,71,6.93,broken clouds,0.0,0.0
387,bahia honda,CU,2020-04-15 16:09:14,22.9,-83.16,85.66,60,1,5.95,clear sky,0.0,0.0
388,axim,GH,2020-04-15 16:09:14,4.87,-2.24,87.22,66,39,8.79,light rain,0.36,0.0
389,mbekenyera,TZ,2020-04-15 16:09:14,-10.0,38.98,76.03,84,49,3.38,moderate rain,3.23,0.0
390,phalodi,IN,2020-04-15 16:09:15,27.13,72.37,94.62,17,0,8.95,clear sky,0.0,0.0
391,cherskiy,RU,2020-04-15 16:09:15,68.75,161.3,-3.75,91,70,3.8,broken clouds,0.0,0.0
392,poum,NC,2020-04-15 16:09:15,-20.23,164.02,78.06,81,49,13.85,light rain,2.46,0.0
393,codajas,BR,2020-04-15 16:09:15,-3.84,-62.06,89.82,55,70,2.86,broken clouds,0.0,0.0
394,marsh harbour,BS,2020-04-15 16:07:56,26.54,-77.06,77.43,76,97,14.18,overcast clouds,0.0,0.0
395,manono,CD,2020-04-15 16:09:16,-7.3,27.42,84.45,62,0,2.71,clear sky,0.0,0.0
396,alekseyevka,RU,2020-04-15 16:09:16,50.63,38.69,44.71,56,97,15.99,light rain,0.31,0.0
397,aykhal,RU,2020-04-15 16:09:17,66.0,111.5,12.2,61,53,6.71,broken clouds,0.0,0.0
398,emerald,AU,2020-04-15 16:09:17,-23.53,148.17,69.8,68,0,3.36,clear sky,0.0,0.0
399,warri,NG,2020-04-15 16:09:17,5.52,5.75,88.52,67,76,7.63,light rain,2.35,0.0
400,peleduy,RU,2020-04-15 16:09:17,59.63,112.74,35.85,81,0,4.07,clear sky,0.0,0.0
401,dali,CN,2020-04-15 16:09:18,25.7,100.18,58.5,23,0,3.98,clear sky,0.0,0.0
402,avera,US,2020-04-15 16:09:18,33.19,-82.53,64.4,55,40,6.93,scattered clouds,0.0,0.0
403,kachiry,KZ,2020-04-15 16:09:18,53.07,76.1,45.03,57,34,10.16,scattered clouds,0.0,0.0
404,khanskaya,RU,2020-04-15 16:09:18,44.68,39.96,47.97,86,100,10.87,light rain,2.44,0.0
405,felanitx,ES,2020-04-15 16:09:19,39.47,3.15,69.01,68,75,9.17,broken clouds,0.0,0.0
406,severo-yeniseyskiy,RU,2020-04-15 16:09:19,60.37,93.04,36.59,77,1,3.13,clear sky,0.0,0.0
407,launceston,AU,2020-04-15 16:09:20,-41.45,147.17,57.99,87,100,21.92,light rain,2.32,0.0
408,lichinga,MZ,2020-04-15 16:09:20,-13.31,35.24,73.4,78,20,10.29,few clouds,0.0,0.0
409,pakxe,LA,2020-04-15 16:09:20,15.12,105.78,81.57,55,79,2.64,broken clouds,0.0,0.0
410,balinsasayao,PH,2020-04-15 16:09:20,10.68,124.96,76.82,85,6,3.18,clear sky,0.0,0.0
411,jining,CN,2020-04-15 16:09:21,35.41,116.58,62.44,64,97,9.75,overcast clouds,0.0,0.0
412,la ronge,CA,2020-04-15 16:09:21,55.1,-105.28,19.4,41,75,10.29,broken clouds,0.0,0.0
413,porbandar,IN,2020-04-15 16:09:21,21.64,69.61,84.79,48,7,15.1,clear sky,0.0,0.0
414,aden,YE,2020-04-15 16:06:08,12.78,45.04,84.7,69,73,11.74,broken clouds,0.0,0.0
415,vallenar,CL,2020-04-15 16:09:21,-28.57,-70.76,72.3,32,51,6.78,broken clouds,0.0,0.0
416,nemuro,JP,2020-04-15 16:09:22,43.32,145.57,32.54,92,92,15.1,overcast clouds,0.0,0.0
417,fomboni,KM,2020-04-15 16:09:22,-12.28,43.74,84.0,74,5,7.92,light rain,0.83,0.0
418,takoradi,GH,2020-04-15 16:09:22,4.88,-1.76,87.35,66,35,9.37,light rain,0.37,0.0
419,dumas,US,2020-04-15 16:09:22,35.87,-101.97,51.8,65,1,24.16,clear sky,0.0,0.0
420,ballina,AU,2020-04-15 16:09:23,-28.87,153.57,59.0,100,0,6.4,clear sky,0.0,0.0
421,margate,GB,2020-04-15 16:09:23,51.38,1.39,60.01,54,5,11.41,clear sky,0.0,0.0
422,beyneu,KZ,2020-04-15 16:09:23,45.32,55.2,61.09,30,1,14.03,clear sky,0.0,0.0
423,anori,BR,2020-04-15 16:09:23,-3.77,-61.64,87.13,61,90,2.95,overcast clouds,0.0,0.0
424,bichura,RU,2020-04-15 16:09:24,50.59,107.6,38.44,57,99,1.95,overcast clouds,0.0,0.0
425,oistins,BB,2020-04-15 16:09:24,13.07,-59.53,86.0,58,40,18.34,scattered clouds,0.0,0.0
426,taoudenni,ML,2020-04-15 16:07:55,22.68,-3.98,95.65,23,0,12.95,clear sky,0.0,0.0
427,swellendam,ZA,2020-04-15 16:08:37,-34.02,20.44,66.2,63,98,8.05,overcast clouds,0.0,0.0
428,jacqueville,CI,2020-04-15 16:09:25,5.21,-4.41,89.6,75,20,12.75,few clouds,0.0,0.0
429,lingyuan,CN,2020-04-15 16:09:25,41.24,119.4,55.54,40,100,2.75,overcast clouds,0.0,0.0
430,hopkinsville,US,2020-04-15 16:09:25,36.87,-87.49,54.0,27,1,6.93,clear sky,0.0,0.0
431,vardo,NO,2020-04-15 16:06:27,70.37,31.11,39.2,69,5,27.51,clear sky,0.0,0.0
432,porto seguro,BR,2020-04-15 16:09:26,-16.45,-39.06,84.2,70,20,10.29,few clouds,0.0,0.0
433,bernal,PE,2020-04-15 16:09:26,-5.45,-80.75,75.83,70,61,7.07,light rain,0.3,0.0
434,barreiras,BR,2020-04-15 16:09:26,-12.15,-44.99,72.64,80,100,5.82,moderate rain,10.57,0.0
435,kuching,MY,2020-04-15 16:06:28,1.55,110.33,82.4,88,20,2.24,few clouds,0.0,0.0
436,abha,SA,2020-04-15 16:09:27,18.22,42.51,66.2,77,40,11.41,scattered clouds,0.0,0.0
437,sistranda,NO,2020-04-15 16:09:27,63.73,8.83,42.8,100,75,13.87,light rain,0.0,0.0
438,darnah,LY,2020-04-15 16:09:27,32.77,22.64,70.38,53,92,21.41,overcast clouds,0.0,0.0
439,bure,ET,2020-04-15 16:09:27,10.7,37.07,76.53,18,73,7.23,light rain,0.15,0.0
440,tucuman,AR,2020-04-15 16:09:28,-26.82,-65.22,73.4,56,20,3.36,few clouds,0.0,0.0
441,knarvik,NO,2020-04-15 16:09:28,60.54,5.29,45.0,100,90,28.86,light intensity drizzle rain,0.0,0.0
442,marondera,ZW,2020-04-15 16:09:28,-18.19,31.55,78.8,44,75,1.12,broken clouds,0.0,0.0
443,agadez,NE,2020-04-15 16:09:28,19.75,10.25,101.97,6,2,11.92,clear sky,0.0,0.0
444,tuatapere,NZ,2020-04-15 16:09:29,-46.13,167.68,51.01,85,86,14.0,light rain,0.48,0.0
445,gold coast,AU,2020-04-15 16:09:29,-28.0,153.43,63.0,88,50,3.36,scattered clouds,0.0,0.0
446,dongargaon,IN,2020-04-15 16:09:29,20.97,80.85,93.45,14,50,3.58,scattered clouds,0.0,0.0
447,dingle,PH,2020-04-15 16:09:29,11.0,122.67,79.74,71,10,3.51,clear sky,0.0,0.0
448,lethem,GY,2020-04-15 16:09:30,3.38,-59.8,91.85,35,52,9.73,broken clouds,0.0,0.0
449,nassau,US,2020-04-15 16:09:30,40.75,-73.58,50.0,48,1,12.75,clear sky,0.0,0.0
450,alihe,CN,2020-04-15 16:09:30,50.57,123.72,39.78,55,24,1.34,few clouds,0.0,0.0
451,whitehorse,CA,2020-04-15 16:07:41,60.72,-135.05,35.6,64,75,5.82,broken clouds,0.0,0.0
452,kyra,RU,2020-04-15 16:09:30,49.58,111.98,42.66,38,100,9.42,overcast clouds,0.0,0.0
453,norwich,GB,2020-04-15 16:09:31,52.63,1.3,64.0,36,4,4.7,clear sky,0.0,0.0
454,da nang,VN,2020-04-15 16:09:31,16.07,108.22,75.2,88,40,1.12,scattered clouds,0.0,0.0
455,salihorsk,BY,2020-04-15 16:09:31,52.79,27.54,39.24,90,100,17.02,light rain,0.96,0.0
456,viedma,AR,2020-04-15 16:07:17,-40.81,-63.0,68.9,30,14,15.28,few clouds,0.0,0.0
457,bezlyudivka,UA,2020-04-15 16:09:32,49.87,36.3,45.61,52,99,15.9,overcast clouds,0.0,0.0
458,airai,TL,2020-04-15 16:09:32,-8.93,125.41,62.53,69,100,3.31,overcast clouds,0.0,0.0
459,bilma,NE,2020-04-15 16:09:32,18.69,12.92,102.49,7,6,10.8,clear sky,0.0,0.0
460,saint-joseph,RE,2020-04-15 16:09:32,-21.37,55.62,77.0,73,1,19.46,clear sky,0.0,0.0
461,hervey bay,AU,2020-04-15 16:09:32,-25.3,152.85,68.0,82,90,8.05,overcast clouds,0.0,0.0
462,kavaratti,IN,2020-04-15 16:09:33,10.57,72.64,85.24,70,7,7.02,clear sky,0.0,0.0
463,chicama,PE,2020-04-15 16:09:33,-7.84,-79.15,71.6,83,13,9.17,few clouds,0.0,0.0
464,muzhi,RU,2020-04-15 16:09:33,65.37,64.67,33.85,95,100,13.31,overcast clouds,0.0,0.0
465,bundaberg,AU,2020-04-15 16:09:34,-24.85,152.35,68.0,82,90,8.05,overcast clouds,0.0,0.0
466,hambantota,LK,2020-04-15 16:09:34,6.12,81.12,78.8,100,20,2.24,few clouds,0.0,0.0
467,lincoln,US,2020-04-15 16:09:34,40.8,-96.67,43.0,38,1,11.41,clear sky,0.0,0.0
468,ashti,IN,2020-04-15 16:09:34,19.38,76.23,91.62,14,48,3.91,scattered clouds,0.0,0.0
469,sainte-rose,GP,2020-04-15 16:09:35,16.33,-61.7,84.2,62,75,11.41,broken clouds,0.0,0.0
470,jambi,ID,2020-04-15 16:09:35,-1.6,103.62,76.91,92,100,1.79,overcast clouds,0.0,0.0
471,slave lake,CA,2020-04-15 16:09:35,55.28,-114.77,32.0,81,90,13.87,light snow,0.0,0.0
472,taksimo,RU,2020-04-15 16:09:36,56.34,114.88,34.54,63,0,2.68,clear sky,0.0,0.0
473,puerto leguizamo,CO,2020-04-15 16:09:36,-0.19,-74.78,88.45,49,40,3.29,scattered clouds,0.0,0.0
474,isabela,PH,2020-04-15 16:09:36,6.71,121.97,78.8,88,75,1.12,broken clouds,0.0,0.0
475,lavrentiya,RU,2020-04-15 16:09:36,65.58,-171.0,22.3,96,100,4.7,overcast clouds,0.0,0.0
476,los palmitos,CO,2020-04-15 16:09:37,9.38,-75.27,83.57,62,48,2.42,light rain,2.83,0.0
477,yulara,AU,2020-04-15 16:09:37,-25.24,130.99,68.0,22,21,1.12,few clouds,0.0,0.0
478,naze,JP,2020-04-15 16:09:37,28.37,129.48,64.4,72,40,9.17,scattered clouds,0.0,0.0
479,camacha,PT,2020-04-15 16:09:37,33.08,-16.33,69.8,60,20,25.28,few clouds,0.0,0.0
480,henderson,US,2020-04-15 16:08:07,36.04,-114.98,63.0,18,1,4.7,clear sky,0.0,0.0
481,calamar,CO,2020-04-15 16:09:38,10.25,-74.91,87.8,62,20,8.05,few clouds,0.0,0.0
482,ous,RU,2020-04-15 16:09:38,60.91,61.52,39.0,86,84,4.32,light rain,0.23,0.0
483,yarada,IN,2020-04-15 16:09:39,17.65,83.27,84.2,74,4,5.82,haze,0.0,0.0
484,mehamn,NO,2020-04-15 16:09:39,71.04,27.85,35.6,74,20,18.34,few clouds,0.0,0.0
485,saryg-sep,RU,2020-04-15 16:09:39,51.5,95.6,46.44,39,0,2.89,clear sky,0.0,0.0
486,okhotsk,RU,2020-04-15 16:09:39,59.38,143.3,23.16,95,1,1.23,clear sky,0.0,0.0
487,bowling green,US,2020-04-15 16:05:14,36.99,-86.44,50.0,34,1,8.05,clear sky,0.0,0.0
488,deputatskiy,RU,2020-04-15 16:09:40,69.3,139.9,-0.62,88,100,4.09,light snow,0.0,0.35
489,bairiki,KI,2020-04-15 16:09:40,1.33,172.98,82.4,88,75,12.75,broken clouds,0.0,0.0
490,college,US,2020-04-15 16:09:40,64.86,-147.8,37.99,85,75,4.7,broken clouds,0.0,0.0
491,kapit,MY,2020-04-15 16:09:41,2.02,112.93,76.93,89,95,0.25,overcast clouds,0.0,0.0
492,alexandria,EG,2020-04-15 16:05:53,31.22,29.96,84.2,24,80,11.41,broken clouds,0.0,0.0
493,ambon,ID,2020-04-15 16:09:41,-3.7,128.18,81.27,79,92,7.05,light rain,0.75,0.0
494,negombo,LK,2020-04-15 16:09:42,7.21,79.84,75.2,100,40,3.36,scattered clouds,0.0,0.0
495,stykkisholmur,IS,2020-04-15 16:09:42,65.08,-22.73,37.38,77,70,12.44,broken clouds,0.0,0.0
496,sur,OM,2020-04-15 16:09:42,22.57,59.53,88.02,39,100,1.92,overcast clouds,0.0,0.0
497,cuamba,MZ,2020-04-15 16:09:42,-14.8,36.54,78.57,61,24,3.91,light rain,0.16,0.0
498,eureka,US,2020-04-15 16:04:55,40.8,-124.16,51.01,87,1,3.36,clear sky,0.0,0.0
499,catamarca,AR,2020-04-15 16:09:43,-28.47,-65.79,74.43,34,0,4.03,clear sky,0.0,0.0
500,pangai,TO,2020-04-15 16:09:43,-19.8,-174.35,79.12,82,100,14.56,overcast clouds,0.0,0.0
501,bonavista,CA,2020-04-15 16:09:43,48.65,-53.11,35.73,82,95,1.43,overcast clouds,0.0,0.0
502,piacabucu,BR,2020-04-15 16:09:43,-10.41,-36.43,87.13,56,88,7.78,overcast clouds,0.0,0.0
503,san andres,CO,2020-04-15 16:07:52,12.58,-81.7,87.8,58,20,11.41,few clouds,0.0,0.0
504,fort nelson,CA,2020-04-15 16:09:44,58.81,-122.7,35.6,59,40,3.36,scattered clouds,0.0,0.0
505,rocha,UY,2020-04-15 16:07:32,-34.48,-54.33,61.3,85,100,20.51,light rain,1.02,0.0
506,karasburg,NA,2020-04-15 16:09:44,-28.02,18.75,77.0,10,0,10.4,clear sky,0.0,0.0
507,diplo,PK,2020-04-15 16:09:44,24.47,69.58,90.99,35,0,16.8,clear sky,0.0,0.0
508,bud,US,2020-04-15 16:08:09,39.45,-86.18,51.01,39,90,21.92,overcast clouds,0.0,0.0
509,estevan,CA,2020-04-15 16:09:45,49.13,-102.98,30.0,32,1,12.75,clear sky,0.0,0.0
510,port hardy,CA,2020-04-15 16:09:45,50.7,-127.42,46.4,93,90,4.7,overcast clouds,0.0,0.0
511,placido de castro,BR,2020-04-15 16:09:46,-10.34,-67.19,78.58,85,98,4.0,light rain,1.46,0.0
512,smidovich,RU,2020-04-15 16:09:46,48.6,133.82,42.64,56,0,6.08,clear sky,0.0,0.0
513,namtsy,RU,2020-04-15 16:09:46,62.72,129.67,21.2,48,79,6.71,broken clouds,0.0,0.0
514,fortuna,US,2020-04-15 16:09:46,40.6,-124.16,51.01,93,90,8.37,overcast clouds,0.0,0.0
515,xam nua,LA,2020-04-15 16:09:47,20.42,104.04,65.34,62,70,2.93,broken clouds,0.0,0.0
516,mataram,ID,2020-04-15 16:09:47,-8.58,116.12,78.8,94,20,6.4,few clouds,0.0,0.0
517,pitimbu,BR,2020-04-15 16:09:47,-7.47,-34.81,82.4,88,75,3.36,broken clouds,0.0,0.0
518,kalmunai,LK,2020-04-15 16:09:47,7.42,81.82,83.35,73,50,5.53,scattered clouds,0.0,0.0
519,khurai,IN,2020-04-15 16:09:47,24.04,78.33,92.23,14,100,5.35,overcast clouds,0.0,0.0
520,vila do maio,CV,2020-04-15 16:07:55,15.13,-23.22,82.4,51,20,19.46,few clouds,0.0,0.0
521,linxia,CN,2020-04-15 16:09:48,35.6,103.21,57.67,17,28,1.83,scattered clouds,0.0,0.0
522,amot,NO,2020-04-15 16:09:48,59.57,7.99,55.0,45,33,5.99,scattered clouds,0.0,0.0
523,paamiut,GL,2020-04-15 16:07:41,61.99,-49.67,35.76,94,100,21.65,light rain,1.25,0.0
524,mahanoro,MG,2020-04-15 16:09:49,-19.9,48.8,77.07,81,38,5.88,moderate rain,3.83,0.0
525,lodja,CD,2020-04-15 16:09:49,-3.48,23.43,91.45,44,61,2.33,broken clouds,0.0,0.0
526,kathmandu,NP,2020-04-15 16:09:49,27.72,85.32,69.8,64,75,3.36,broken clouds,0.0,0.0
527,reyes,BO,2020-04-15 16:09:49,-14.32,-67.38,71.76,80,99,1.32,light rain,0.53,0.0
528,sao filipe,CV,2020-04-15 16:09:50,14.9,-24.5,72.95,76,65,19.15,broken clouds,0.0,0.0
529,mananjary,MG,2020-04-15 16:09:50,-21.22,48.33,78.21,78,0,7.36,clear sky,0.0,0.0
530,lakatoro,VU,2020-04-15 16:09:50,-16.1,167.42,77.0,94,90,11.5,overcast clouds,0.0,0.0
531,carutapera,BR,2020-04-15 16:09:50,-1.2,-46.02,79.07,84,100,4.12,overcast clouds,0.0,0.0
532,mendi,PG,2020-04-15 16:09:51,-6.18,143.65,56.75,56,100,1.03,moderate rain,5.13,0.0
533,lodhran,PK,2020-04-15 16:09:51,29.54,71.63,89.15,12,0,3.96,clear sky,0.0,0.0
534,longhua,CN,2020-04-15 16:09:51,23.61,114.19,66.38,68,79,2.01,broken clouds,0.0,0.0
535,aksarka,RU,2020-04-15 16:09:51,66.56,67.8,32.32,96,100,8.39,overcast clouds,0.0,0.0
536,umm lajj,SA,2020-04-15 16:07:53,25.02,37.27,76.96,51,0,15.48,clear sky,0.0,0.0
537,sibolga,ID,2020-04-15 16:09:52,1.74,98.78,79.54,79,98,0.49,moderate rain,3.95,0.0
538,verkhnevilyuysk,RU,2020-04-15 16:09:52,63.45,120.32,19.35,94,100,4.34,overcast clouds,0.0,0.0
539,razole,IN,2020-04-15 16:09:52,16.48,81.83,80.89,76,0,7.83,clear sky,0.0,0.0
540,aripuana,BR,2020-04-15 16:09:32,-9.17,-60.63,77.05,92,99,1.61,moderate rain,3.8,0.0
541,safford,US,2020-04-15 16:05:02,32.83,-109.71,55.99,27,1,3.06,clear sky,0.0,0.0
542,nagato,JP,2020-04-15 16:09:53,34.38,131.2,57.2,76,75,1.12,broken clouds,0.0,0.0
543,nabire,ID,2020-04-15 16:09:54,-3.37,135.48,77.07,87,100,2.35,light rain,2.77,0.0
544,ixtapa,MX,2020-04-15 16:06:08,20.7,-105.2,73.99,72,5,2.24,clear sky,0.0,0.0
545,kepno,PL,2020-04-15 16:09:54,51.28,17.99,52.99,51,43,15.35,scattered clouds,0.0,0.0
546,sao joao da barra,BR,2020-04-15 16:07:28,-21.64,-41.05,89.6,58,40,9.17,scattered clouds,0.0,0.0
547,itea,GR,2020-04-15 16:09:55,38.43,22.42,57.99,53,100,5.99,light rain,0.45,0.0
548,alakurtti,RU,2020-04-15 16:09:55,66.97,30.35,35.01,73,83,8.99,light snow,0.0,0.43
549,banda aceh,ID,2020-04-15 16:09:55,5.56,95.32,81.41,80,78,1.07,light rain,0.14,0.0
550,sakakah,SA,2020-04-15 16:07:27,29.97,40.21,77.0,13,0,4.7,clear sky,0.0,0.0
551,havoysund,NO,2020-04-15 16:07:42,71.0,24.66,35.6,80,75,24.16,broken clouds,0.0,0.0
552,guerrero negro,MX,2020-04-15 16:07:38,27.98,-114.06,65.91,59,0,2.77,clear sky,0.0,0.0
553,strathroy,CA,2020-04-15 16:09:56,42.96,-81.62,39.0,51,75,10.29,broken clouds,0.0,0.0
554,sicuani,PE,2020-04-15 16:09:56,-14.27,-71.23,55.83,16,78,5.41,broken clouds,0.0,0.0
555,dalnerechensk,RU,2020-04-15 16:09:57,45.93,133.72,40.37,62,0,3.69,clear sky,0.0,0.0
556,ano mera,GR,2020-04-15 16:09:57,37.45,25.4,57.99,71,90,17.22,light rain,0.0,0.0
557,aizkraukle,LV,2020-04-15 16:09:57,56.6,25.26,44.01,74,81,13.0,light rain,0.59,0.0
558,richards bay,ZA,2020-04-15 16:09:57,-28.78,32.04,72.01,73,39,9.69,scattered clouds,0.0,0.0
559,saint-andre-avellin,CA,2020-04-15 16:09:57,45.72,-75.07,39.99,55,75,17.22,broken clouds,0.0,0.0
560,zhigansk,RU,2020-04-15 16:09:58,66.77,123.37,5.86,93,61,12.3,broken clouds,0.0,0.0
561,limbang,MY,2020-04-15 16:09:07,4.75,115.0,82.4,88,75,3.36,broken clouds,0.0,0.0
562,celestun,MX,2020-04-15 16:09:58,20.87,-90.4,80.51,71,97,10.36,overcast clouds,0.0,0.0
563,grimma,DE,2020-04-15 16:09:58,51.23,12.72,63.0,53,60,8.05,broken clouds,0.0,0.0
564,cairns,AU,2020-04-15 16:09:59,-16.92,145.77,77.0,83,75,9.17,broken clouds,0.0,0.0
